file_name,orientation
Erwin_1M_2_mp4-0060_jpg.rf.204665f289867f3c9e1e5c0f10653bcb.jpg,Right_Up
Bulan_1M_2_mp4-0033_jpg.rf.81856ef67a9573dd8c797a7a08fa62ea.jpg,Right_Up
Erwin_1M_2_mp4-0065_jpg.rf.78a81f334e257f2c2400cc40986c50ed.jpg,Right_Up
Erwin_1M_2_mp4-0057_jpg.rf.655a82ffdff193dd9557aae5a448ce81.jpg,Right_Up
Bulan_1M_2_mp4-0036_jpg.rf.132c8aa4b875130a081b5867deb18939.jpg,Right_Up
Nurhatinah-Cctv_mp4-0115_jpg.rf.7d13e7baca7bdb2b6afc7ca41b707ba2.jpg,Right_Up
Raiz-Cctv_mp4-0149_jpg.rf.a553dae90ec3f795168d6a58c50067ae.jpg,Right_Up
Mahdaniar-1M_mp4-0041_jpg.rf.08012a7f02757edcf10e05df025d60ab.jpg,Right_Up
Amri_CCTV_1M_2_mp4-0042_jpg.rf.d6ea041c7fd08b9294c3f0765dd375b1.jpg,Right_Up
Bulan_1M_2_mp4-0034_jpg.rf.9979068282d9c1cee20f67ec2692ef48.jpg,Right_Up
Bulan_1M_2_mp4-0031_jpg.rf.7c7416c007e16271818a3023a31f6e61.jpg,Right_Up
Syahid-Cctv_mp4-0111_jpg.rf.16ff14013af7bc61d8c96a6b4d14a8ec.jpg,Right_Up
Mahdaniar-1M_mp4-0043_jpg.rf.58d6a551801cfc9138949890baa7e5be.jpg,Right_Up
Bulan_1M_2_mp4-0032_jpg.rf.468147bce9d46a1bd7e8ea50e13ca0c8.jpg,Right_Up
Amri_CCTV_1M_2_mp4-0044_jpg.rf.076202ab41e9ed144de666a3e551cef9.jpg,Right_Up
Nurhatinah-Cctv_mp4-0113_jpg.rf.348d9716cc74aa1c0a57a7e0907f30bd.jpg,Right_Up
Raiz-Cctv_mp4-0150_jpg.rf.18f95cf78df9623b157229cfd4840008.jpg,Right_Up
Mahdaniar-1M_mp4-0042_jpg.rf.c30f8efe78dadd2f3ddacb00489096c8.jpg,Right_Up
Iska-Cctv_mp4-0180_jpg.rf.84688de95f18fd3e8798e04529538d7d.jpg,Right_Up
Iska-Cctv_mp4-0168_jpg.rf.cd7f39c60faa1a80b5111cad9b67e5e1.jpg,Right_Up
Erwin_1M_2_mp4-0062_jpg.rf.83261b77129450c6f9f7e7a46fba8d0e.jpg,Right_Up
Iska-Cctv_mp4-0179_jpg.rf.913a729825a879be7a1b0a55067b7a44.jpg,Right_Up
Erwin_1M_2_mp4-0059_jpg.rf.9f808339643f31eb640dfc3c32c2d00d.jpg,Right_Up
Amri_CCTV_1M_2_mp4-0040_jpg.rf.79d5148e5df208ab0aefd4675a2369e3.jpg,Right_Up
Wahyu_CCTV_mp4-0106_jpg.rf.6e8d92124a6c10221e149c2ad24d0434.jpg,Right_Up
Mahdaniar-1M_mp4-0039_jpg.rf.719d24134caabf13fe26d7844f117815.jpg,Right_Up
Amri_CCTV_1M_2_mp4-0041_jpg.rf.935407aa8f471dd4e6dc0dd13eb4ec12.jpg,Right_Up
Syahid-Cctv_mp4-0110_jpg.rf.3dde28434eaf47d708a22e13cb519dad.jpg,Right_Up
Bulan_1M_2_mp4-0035_jpg.rf.02b56c02ed75d4cf34a030892de4c7e7.jpg,Right_Up
Erwin_1M_2_mp4-0061_jpg.rf.16cbf263306176846da1993894bb7ef9.jpg,Right_Up
Nurhatinah-Cctv_mp4-0116_jpg.rf.2456c7608bfe03a755c6c0825c4e04b7.jpg,Right_Up
Raiz-Cctv_mp4-0148_jpg.rf.178d929c706c64ceb6456322723e5331.jpg,Right_Up
Iska-Cctv_mp4-0177_jpg.rf.5f1a65bf5599c0daf5337c51e26f1c3b.jpg,Right_Up
Erwin_1M_2_mp4-0066_jpg.rf.69352feddd6f2bdbf38b22f00594e292.jpg,Right_Up
Erwin_1M_2_mp4-0064_jpg.rf.84239845d1bdaf310a6a07ad08ec0ff5.jpg,Right_Up
Iska-Cctv_mp4-0178_jpg.rf.c77507836954c2c8e0ba67b40a093177.jpg,Right_Up
Nurhatinah-Cctv_mp4-0114_jpg.rf.5246737fc70b5111600a87b95de29ea5.jpg,Right_Up
Amri_CCTV_1M_1_mp4-0043_jpg.rf.cf69e9809b437adae09c393465001316.jpg,Right_Up
Erwin_1M_2_mp4-0058_jpg.rf.9428f84d91fa4ad122236256da493085.jpg,Right_Up
Mahdaniar-1M_mp4-0040_jpg.rf.cd3086f5e2f14a78f5a888e3773b0dd4.jpg,Right_Up
Erwin_1M_2_mp4-0063_jpg.rf.fb82c88e70ce53dcb138f61652bec4c6.jpg,Right_Up
Wahyu_CCTV_mp4-0105_jpg.rf.828226ae2e21098114a1685c74112c12.jpg,Right_Up
Erwin_1M_2_mp4-0034_jpg.rf.dae9abe789f7bf40964f0d1ee4fb5c61.jpg,Left_Down
Bulan_1M_2_mp4-0013_jpg.rf.fc9d1c4f1734f572ec7f0c82587493f3.jpg,Left_Down
Iska-Cctv_mp4-0037_jpg.rf.0775dc585fe972369022d8e5a0f3923c.jpg,Left_Down
Iska-Cctv_mp4-0035_jpg.rf.713a824d60d94e7f94a4eb3b7595c34e.jpg,Left_Down
Nurhatinah-Cctv_mp4-0095_jpg.rf.64a59555a6aaad84990d08bdb1715a82.jpg,Left_Down
Iska-Cctv_mp4-0055_jpg.rf.f0637b1cf0211afbb7577b9e948a1828.jpg,Left_Down
Erwin_1M_2_mp4-0037_jpg.rf.4cbbfeddc9fb65228cb5579bf9699903.jpg,Left_Down
Erwin_1M_2_mp4-0038_jpg.rf.a57162d1c40ca9a398082f53d8c68f39.jpg,Left_Down
Iska-Cctv_mp4-0040_jpg.rf.2aea4e753605aa2e222ad2446c800ce7.jpg,Left_Down
Nurhatinah-Cctv_mp4-0133_jpg.rf.7e04854744fbdbacdc3527c1a29cf995.jpg,Left_Down
Amri_CCTV_1M_2_mp4-0024_jpg.rf.a7cce2f4f32527ea1c093af9b367f8b6.jpg,Left_Down
Syahid-Cctv_mp4-0095_jpg.rf.230910e2fecd228d51fc439b2339da74.jpg,Left_Down
Bulan_1M_2_mp4-0021_jpg.rf.0810c810935ae914b1cf2b0de05030f5.jpg,Left_Down
Iska-Cctv_mp4-0039_jpg.rf.81dcb1f2b037a03033bb31adabb684a4.jpg,Left_Down
Wahyu_CCTV_mp4-0086_jpg.rf.c30b992065f6e95925c37dbb59d2fcfa.jpg,Left_Down
Erwin_1M_2_mp4-0035_jpg.rf.758c31716d54d50f426530a3505e2138.jpg,Left_Down
Erwin_1M_2_mp4-0031_jpg.rf.a6aae9dd5cc30ed03a5c390e13c6ddef.jpg,Left_Down
Nurhatinah-Cctv_mp4-0100_jpg.rf.033fab7bd9da64c10d4c9a0c45c6c8ae.jpg,Left_Down
Wahyu_CCTV_mp4-0087_jpg.rf.078cfc9f73749b9d519be19eb9bac7de.jpg,Left_Down
Wahyu_CCTV_mp4-0082_jpg.rf.2aa2e2b66b9e64ea3461fc892ed88baf.jpg,Left_Down
Bulan_1M_2_mp4-0018_jpg.rf.d395f1928edbf6949c5bb6aca805e397.jpg,Left_Down
Bulan_1M_2_mp4-0016_jpg.rf.a60f696dfc8eb09f3ffbe35ad4f7bb14.jpg,Left_Down
Nurhatinah-Cctv_mp4-0136_jpg.rf.7553026e4d79117a1ecd04a8969f7523.jpg,Left_Down
Wahyu_CCTV_mp4-0083_jpg.rf.b069f48c47a457fc87641752d8647da6.jpg,Left_Down
Erwin_1M_2_mp4-0032_jpg.rf.32c723974de183871c38d61f5f17db87.jpg,Left_Down
Amri_CCTV_1M_2_mp4-0025_jpg.rf.3415c8c92064b82140b756a0034b2770.jpg,Left_Down
Raiz-Cctv_mp4-0122_jpg.rf.a630015954482971fa7664b10fb8ad0c.jpg,Left_Down
Mahdaniar-1M_mp4-0026_jpg.rf.44f48c70e14d7514a09422c8c131eac7.jpg,Left_Down
Iska-Cctv_mp4-0137_jpg.rf.a581df0d70222dadbbd0951f8f04a0af.jpg,Left_Down
Bulan_1M_2_mp4-0020_jpg.rf.04ee39926ec21433f5de416f9ce09b20.jpg,Left_Down
Wahyu_CCTV_mp4-0085_jpg.rf.aa4969bb26bf8e79ee327ccbb8875d30.jpg,Left_Down
Mahdaniar-1M_mp4-0024_jpg.rf.7f1649cda8383c78ad1ac8423da135a8.jpg,Left_Down
Iska-Cctv_mp4-0053_jpg.rf.0720d6af50c1204fab9623e54c342635.jpg,Left_Down
Nurhatinah-Cctv_mp4-0099_jpg.rf.7ba08ed25c707832d70b28ec47590f55.jpg,Left_Down
Wahyu_CCTV_mp4-0088_jpg.rf.77c5dde8332122be8e306fc4917b9beb.jpg,Left_Down
Mahdaniar-1M_mp4-0025_jpg.rf.28111f15e2997d745f00890a5218e0c2.jpg,Left_Down
Iska-Cctv_mp4-0041_jpg.rf.e293a6f565a2b7793624f22793c9ea9d.jpg,Left_Down
Erwin_1M_2_mp4-0036_jpg.rf.bb6be7ce34a8ad7e9da3e4f0f4573a8a.jpg,Left_Down
Bulan_1M_2_mp4-0017_jpg.rf.5697951127a3adf849c8fb7c3a130ec7.jpg,Left_Down
Iska-Cctv_mp4-0048_jpg.rf.859881fe981856a8a71536488e2c1b7c.jpg,Left_Down
Raiz-Cctv_mp4-0123_jpg.rf.ce75f66e5e299c7ad8a6506c0c294e1d.jpg,Left_Down
Mahdaniar-1M_mp4-0021_jpg.rf.d110c5f3b83d0981938e5c0a07f01ef7.jpg,Left_Down
Bulan_1M_2_mp4-0014_jpg.rf.112c57e6573f2bbc4eddca970f334569.jpg,Left_Down
Syahid-Cctv_mp4-0098_jpg.rf.a21156ba6011682fd8cb1fa4352074e0.jpg,Left_Down
Iska-Cctv_mp4-0042_jpg.rf.e99d2f4b60ac32d73a4d1173641942b5.jpg,Left_Down
Bulan_1M_2_mp4-0015_jpg.rf.524390541bb0497be9ea86b28fa799ee.jpg,Left_Down
Iska-Cctv_mp4-0054_jpg.rf.c34656bb4a7f0817677d788ebf2acae9.jpg,Left_Down
Nurhatinah-Cctv_mp4-0098_jpg.rf.cb4cc0c49a5741163de7da579c115471.jpg,Left_Down
Iska-Cctv_mp4-0034_jpg.rf.24a5d5b4d5aef63a3519fd51e3e098ff.jpg,Left_Down
Erwin_1M_2_mp4-0033_jpg.rf.ee46238acc563b8bedc821608bfacc5c.jpg,Left_Down
Nurhatinah-Cctv_mp4-0096_jpg.rf.4cc52c175e0e4cf0646b2933f7f7803d.jpg,Left_Down
Syahid-Cctv_mp4-0096_jpg.rf.d1fba536702f9452d14f32119fa90362.jpg,Left_Down
Nurhatinah-Cctv_mp4-0134_jpg.rf.a697a2623e452e029c4ad86155451ffc.jpg,Left_Down
Iska-Cctv_mp4-0052_jpg.rf.2033b680e30d074620362ee6bcb76d5e.jpg,Left_Down
Amri_CCTV_1M_2_mp4-0022_jpg.rf.662e45840b4253d3e053108d643c946c.jpg,Left_Down
Iska-Cctv_mp4-0138_jpg.rf.47d9c9c78b87ce72d7c2b00bbe01f453.jpg,Left_Down
Wahyu_CCTV_mp4-0081_jpg.rf.211cee8b209e37727459e1ec90bb5399.jpg,Left_Down
Nurhatinah-Cctv_mp4-0097_jpg.rf.8d4625cd36504e973d3bc212e2758b11.jpg,Left_Down
Iska-Cctv_mp4-0038_jpg.rf.c3e9eb9efec843968271c6b3e7f5fe13.jpg,Left_Down
Mahdaniar-1M_mp4-0027_jpg.rf.5df27e9ac71b276da6f5ab7608b27501.jpg,Left_Down
Nurhatinah-Cctv_mp4-0132_jpg.rf.1c5a2b61af75f12418108a5b537e7c66.jpg,Left_Down
Nurhatinah-Cctv_mp4-0135_jpg.rf.d0ed482596574476086cf64a519c351c.jpg,Left_Down
Iska-Cctv_mp4-0036_jpg.rf.689bf8455d6ccd4b7eb07e1b10c2daa1.jpg,Left_Down
Iska-Cctv_mp4-0043_jpg.rf.fb65504edd821540b1f102fa164447b7.jpg,Left_Down
Raiz-Cctv_mp4-0121_jpg.rf.299b921445b8de2105e0de805f6cf27c.jpg,Left_Down
Iska-Cctv_mp4-0047_jpg.rf.ce2f03bd6e8637ca530514c9d534593e.jpg,Left_Down
Syahid-Cctv_mp4-0097_jpg.rf.0a4b1945d6a5c2ac30eb5afa0391801f.jpg,Left_Down
Amri_CCTV_1M_2_mp4-0023_jpg.rf.4b0d6ad6dbf0134d13abe40237f546bc.jpg,Left_Down
Iska-Cctv_mp4-0051_jpg.rf.c0e37203a524e63840e94d11a5d95ef8.jpg,Left_Down
Mahdaniar-1M_mp4-0023_jpg.rf.5de02ac5eca21c37767f852fa1ca39df.jpg,Left_Down
Bulan_1M_2_mp4-0019_jpg.rf.ff67d7dc7d6167bc0144bcacf03bf535.jpg,Left_Down
Mahdaniar-1M_mp4-0022_jpg.rf.46bfeda9eca299dc9d083434b3d422a6.jpg,Left_Down
Erwin_1M_2_mp4-0051_jpg.rf.c460239ddd4ee355919b1afa651ad276.jpg,Right_Down
Nurhatinah-Cctv_mp4-0125_jpg.rf.50b2eda4e5ec19c2596afeaab52bb6dc.jpg,Right_Down
Mahdaniar-1M_mp4-0031_jpg.rf.31c55415ba67e87ab8bab3760a702ac2.jpg,Right_Down
Erwin_1M_2_mp4-0049_jpg.rf.243abbb89bf03207f1d956399064cd6c.jpg,Right_Down
Nurhatinah-Cctv_mp4-0122_jpg.rf.5d474f07c8068c6dda2f0cc5469b40d2.jpg,Right_Down
Mahdaniar-1M_mp4-0033_jpg.rf.213e9c5f8fc2a01b1b51a77886b8550e.jpg,Right_Down
Iska-Cctv_mp4-0080_jpg.rf.408b1a40904ee176ed977083ad0f9cd9.jpg,Right_Down
Erwin_1M_2_mp4-0048_jpg.rf.c1a98f5dbf90d4b3be9f578a14f1fc96.jpg,Right_Down
Raiz-Cctv_mp4-0137_jpg.rf.c9a02f873c24636c5291bb39f43be126.jpg,Right_Down
Bulan_1M_2_mp4-0044_jpg.rf.da2b77abe19eeca414af13bf2aa9114a.jpg,Right_Down
Nurhatinah-Cctv_mp4-0126_jpg.rf.b07c76280c2733d0422054046d7b0665.jpg,Right_Down
Iska-Cctv_mp4-0144_jpg.rf.5b06d0818dc3403a44dd76b56497a80a.jpg,Right_Down
Bulan_1M_2_mp4-0039_jpg.rf.aa12d15994f9b40df442d0c28cc7a7e0.jpg,Right_Down
Raiz-Cctv_mp4-0143_jpg.rf.2c57ac78dae9ffb2f8168b3325257a25.jpg,Right_Down
Syahid-Cctv_mp4-0116_jpg.rf.b530eb791ce707f73f33c649cf8fce4d.jpg,Right_Down
Bulan_1M_2_mp4-0038_jpg.rf.8900f5101032a1a280d68b122f32150d.jpg,Right_Down
Iska-Cctv_mp4-0145_jpg.rf.616dba97add6801479b4fe665d961d6c.jpg,Right_Down
Syahid-Cctv_mp4-0115_jpg.rf.d54051032f16f6392e4da2dd627151fa.jpg,Right_Down
Amri_CCTV_1M_2_mp4-0033_jpg.rf.8dd5b9eddbbcce08abddec8861a56bac.jpg,Right_Down
Amri_CCTV_1M_2_mp4-0034_jpg.rf.128b36aaabeea09266b6094f73e8a998.jpg,Right_Down
Nurhatinah-Cctv_mp4-0123_jpg.rf.ceabe23b390e7c74c0c42fbdf4ff94d3.jpg,Right_Down
Bulan_1M_2_mp4-0037_jpg.rf.603334ee65252fef4e18b7f54adcf819.jpg,Right_Down
Bulan_1M_2_mp4-0042_jpg.rf.807614e01a982c161fc99b688379fed5.jpg,Right_Down
Raiz-Cctv_mp4-0141_jpg.rf.e29d07965e72a012cd329e7df12d0c8f.jpg,Right_Down
Bulan_1M_2_mp4-0041_jpg.rf.c3dc56123d811bc43f0d44e1600c8d54.jpg,Right_Down
Syahid-Cctv_mp4-0117_jpg.rf.13c8c1fb7f7597059275100f26701ec6.jpg,Right_Down
Syahid-Cctv_mp4-0120_jpg.rf.3048736bf7130ba4f14381f6635138ba.jpg,Right_Down
Iska-Cctv_mp4-0143_jpg.rf.ec903dd7bcbda36df70a0cd82491e59f.jpg,Right_Down
Erwin_1M_2_mp4-0053_jpg.rf.2788082ce9c1c0b0dc2aef17711531d9.jpg,Right_Down
Raiz-Cctv_mp4-0142_jpg.rf.e40c16ac0f5aede4b373c1da396da709.jpg,Right_Down
Amri_CCTV_1M_2_mp4-0039_jpg.rf.5fd36513192ee78c6dd5801534160fb4.jpg,Right_Down
Syahid-Cctv_mp4-0119_jpg.rf.0ac4db5acff13c2a6e64ff3a3061e4ea.jpg,Right_Down
Iska-Cctv_mp4-0086_jpg.rf.8f9c4292d1f9d4c8638607b05486f93a.jpg,Right_Down
Raiz-Cctv_mp4-0139_jpg.rf.bb099fb958323fcb24630984b124125c.jpg,Right_Down
Iska-Cctv_mp4-0146_jpg.rf.2c5e2d592cfaaa08331f97a3a217e9ca.jpg,Right_Down
Raiz-Cctv_mp4-0138_jpg.rf.2b625725af6faebe8c7d6a583a7b075f.jpg,Right_Down
Iska-Cctv_mp4-0079_jpg.rf.57568ea9b1bf4c854e8901a4202ec711.jpg,Right_Down
Iska-Cctv_mp4-0147_jpg.rf.343c1aa1bcfdbd0822f6d40e22ee7060.jpg,Right_Down
Bulan_1M_2_mp4-0040_jpg.rf.8a62264d989ad1b2431020180b2077b3.jpg,Right_Down
Iska-Cctv_mp4-0088_jpg.rf.de2e7593600a225a5dfa2e872bfae4d8.jpg,Right_Down
Iska-Cctv_mp4-0064_jpg.rf.6de45f5915948f2353f4d13ea8f7b5ee.jpg,Right_Down
Iska-Cctv_mp4-0085_jpg.rf.d08915b4a61de237b03c62c85c7ba848.jpg,Right_Down
Nurhatinah-Cctv_mp4-0121_jpg.rf.bd4560b7be24d1f5f12591ce512d5b56.jpg,Right_Down
Amri_CCTV_1M_2_mp4-0032_jpg.rf.598b3ce0abb4c6d3d71b2e7f5a2ac973.jpg,Right_Down
Nurhatinah-Cctv_mp4-0127_jpg.rf.875c60bb03b89c9514d5b4e6125b3c0f.jpg,Right_Down
Nurhatinah-Cctv_mp4-0120_jpg.rf.531c7ee598ac689d1a5ed319940e09c6.jpg,Right_Down
Iska-Cctv_mp4-0078_jpg.rf.49db8f9d8e33f1b7a6023a6ce2ae2282.jpg,Right_Down
Iska-Cctv_mp4-0081_jpg.rf.2e0602d8c981da3e92b8d2d62fbbea66.jpg,Right_Down
Wahyu_CCTV_mp4-0099_jpg.rf.5a3bc7db1304f1207f808325938e47b1.jpg,Right_Down
Mahdaniar-1M_mp4-0032_jpg.rf.91d5f8d162625505e6f0a6060f93695c.jpg,Right_Down
Bulan_1M_2_mp4-0043_jpg.rf.a20396fbd7eb0f8c849da80f6766146e.jpg,Right_Down
Nurhatinah-Cctv_mp4-0124_jpg.rf.56bcf623e205bdc916ce6e4372926d96.jpg,Right_Down
Wahyu_CCTV_mp4-0098_jpg.rf.9f34a162eec13ba58a5161450a6bbd7d.jpg,Right_Down
Iska-Cctv_mp4-0082_jpg.rf.08edb0ab154e4c5e44fa8c3d476f3ee8.jpg,Right_Down
Erwin_1M_2_mp4-0050_jpg.rf.4481fece837e059c7ea2c482653468ec.jpg,Right_Down
Erwin_1M_2_mp4-0052_jpg.rf.452da028caf81e6cd1ac68b8483835b1.jpg,Right_Down
Nurhatinah-Cctv_mp4-0128_jpg.rf.2c06a2947177d3d4786cf370c3baf790.jpg,Right_Down
Amri_CCTV_1M_2_mp4-0035_jpg.rf.2e4b3fee73e6c5286651385c645b0dc6.jpg,Right_Down
Raiz-Cctv_mp4-0140_jpg.rf.69cf089e4935b2a16b05af9b13ac3c0c.jpg,Right_Down
Iska-Cctv_mp4-0021_jpg.rf.ddc5f0f774a2ceba53ade1445d7a7685.jpg,Left_Neutral
Syahid-Cctv_mp4-0099_jpg.rf.cd5fa6d459ee2f68d8e6ca5c714bd646.jpg,Left_Neutral
Nurhatinah-Cctv_mp4-0047_jpg.rf.eb02a4faa1c64fa9209830fb5dde4e0b.jpg,Left_Neutral
Iska-Cctv_mp4-0016_jpg.rf.4358e3b75d044d2870cbd3384e88b0cf.jpg,Left_Neutral
Raiz-Cctv_mp4-0013_jpg.rf.79a7f0724f4b45c0b01a642c1cc7dc51.jpg,Left_Neutral
Raiz-Cctv_mp4-0022_jpg.rf.18f1ed72d75a80cd9da6f88fe98ef634.jpg,Left_Neutral
Syahid-Cctv_mp4-0021_jpg.rf.c260fd73934915247a0417cdd92fc705.jpg,Left_Neutral
Amri_CCTV_1M_1_mp4-0033_jpg.rf.deb03a18c596546916d18f5e8a8c4629.jpg,Left_Neutral
Iska-Cctv_mp4-0027_jpg.rf.7c50fcd6e228ea1427716b716fc5af99.jpg,Left_Neutral
Iska-Cctv_mp4-0029_jpg.rf.94c2a4c228c2152c4940269f6a6bb46b.jpg,Left_Neutral
Iska-Cctv_mp4-0030_jpg.rf.e22638d6bed0cfb1f8a5bc172522a777.jpg,Left_Neutral
Wahyu_CCTV_mp4-0080_jpg.rf.05251f36e8668c66789f5b2673cbe5cd.jpg,Left_Neutral
Syahid-Cctv_mp4-0023_jpg.rf.9a9654173c7a15ce0dc7590a869c3119.jpg,Left_Neutral
Syahid-Cctv_mp4-0011_jpg.rf.3888aa6c2b1aa6e758bde1e61b712acd.jpg,Left_Neutral
Nurhatinah-Cctv_mp4-0012_jpg.rf.e1a014d40031955272ee0345253c531f.jpg,Left_Neutral
Iska-Cctv_mp4-0012_jpg.rf.099cb8492b05ed43da539e2ea606244d.jpg,Left_Neutral
Nurhatinah-Cctv_mp4-0011_jpg.rf.a83b63b489a4b918fb93652cb569baa6.jpg,Left_Neutral
Mahdaniar-1M_mp4-0019_jpg.rf.930203f0604475c04fdfc0a69167fc99.jpg,Left_Neutral
Nurhatinah-Cctv_mp4-0043_jpg.rf.b5f6a6180ba0c72cc202c42e2f43a60a.jpg,Left_Neutral
Syahid-Cctv_mp4-0010_jpg.rf.ac878e4c1ed34823cf2f0390ec9625f4.jpg,Left_Neutral
Iska-Cctv_mp4-0033_jpg.rf.e3408d6dcfe95bcd2051ba52acdf085a.jpg,Left_Neutral
Nurhatinah-Cctv_mp4-0019_jpg.rf.77f497732201242ecfa7bd6e6c23f53e.jpg,Left_Neutral
Nurhatinah-Cctv_mp4-0013_jpg.rf.4bef848a0a0ae2dc31d60e8269843de5.jpg,Left_Neutral
Iska-Cctv_mp4-0014_jpg.rf.56be47661885c4733f08349736b0f183.jpg,Left_Neutral
Syahid-Cctv_mp4-0022_jpg.rf.7d3c1db7b503e455d9560965ede4cb3f.jpg,Left_Neutral
Wahyu_CCTV_mp4-0079_jpg.rf.069ff12f06e8948439d925e3b7b2f48d.jpg,Left_Neutral
Nurhatinah-Cctv_mp4-0018_jpg.rf.49fde85b73dbeee56a326f4a35f59cc4.jpg,Left_Neutral
Nurhatinah-Cctv_mp4-0031_jpg.rf.bce5c7d9c94ad3c7138611fbb594b6a3.jpg,Left_Neutral
Nurhatinah-Cctv_mp4-0029_jpg.rf.da6ce6d835d3e7d3f508f7a61fdcc3fb.jpg,Left_Neutral
Nurhatinah-Cctv_mp4-0137_jpg.rf.1927ee838e741c734e8afafd4acf19a7.jpg,Left_Neutral
Iska-Cctv_mp4-0050_jpg.rf.0cf7d20c45bd343ff61e83ab5239ca8b.jpg,Left_Neutral
Nurhatinah-Cctv_mp4-0039_jpg.rf.eb2b3852a1c422fe2c830d85878d1bda.jpg,Left_Neutral
Nurhatinah-Cctv_mp4-0017_jpg.rf.6926a3ff57ce102619d9444f0925d09d.jpg,Left_Neutral
Iska-Cctv_mp4-0023_jpg.rf.cc5275106c888bddcd237fe5dd590f9b.jpg,Left_Neutral
Nurhatinah-Cctv_mp4-0037_jpg.rf.51c034cd61f9c598bacf624d4e2ee5f0.jpg,Left_Neutral
Iska-Cctv_mp4-0019_jpg.rf.f84d677ef16e42f996efdcc50696e3a3.jpg,Left_Neutral
Syahid-Cctv_mp4-0030_jpg.rf.28c473e9b7741142bc74bf62f40c0978.jpg,Left_Neutral
Raiz-Cctv_mp4-0016_jpg.rf.7b47996536f2cbff2aafe462d92e0b6e.jpg,Left_Neutral
Iska-Cctv_mp4-0046_jpg.rf.3c1e25e2db8d648cffa0fe73291a7ad6.jpg,Left_Neutral
Nurhatinah-Cctv_mp4-0138_jpg.rf.6b660e9e0040b041d800ff58c6cbb87f.jpg,Left_Neutral
Raiz-Cctv_mp4-0029_jpg.rf.9c3aa1e8f5de2a96c5a93e6240227dca.jpg,Left_Neutral
Raiz-Cctv_mp4-0034_jpg.rf.3b53da8abc17b797fca0e249e8f8094a.jpg,Left_Neutral
Nurhatinah-Cctv_mp4-0034_jpg.rf.4d53dcc3306e386ca8b3277e2b6a26f3.jpg,Left_Neutral
Iska-Cctv_mp4-0045_jpg.rf.0c372e420adc24653ffe0a3420a4bc62.jpg,Left_Neutral
Nurhatinah-Cctv_mp4-0009_jpg.rf.e904886304011ce11bcf01d290bb7a69.jpg,Left_Neutral
Amri_CCTV_1M_1_mp4-0034_jpg.rf.10a5032f9cfb8671af6807ed88de53eb.jpg,Left_Neutral
Nurhatinah-Cctv_mp4-0027_jpg.rf.59e1c08fe12e79351d041893293acdd8.jpg,Left_Neutral
Nurhatinah-Cctv_mp4-0044_jpg.rf.5b814e4faf5c327ad6e51e74d5e3de6f.jpg,Left_Neutral
Raiz-Cctv_mp4-0020_jpg.rf.5189a2bae225f8f0348bd28258d89fcb.jpg,Left_Neutral
Nurhatinah-Cctv_mp4-0014_jpg.rf.6a6488247877015839673b4807feb2f3.jpg,Left_Neutral
Raiz-Cctv_mp4-0031_jpg.rf.3542e8f1df9b8cd09ee1d4e199163959.jpg,Left_Neutral
Syahid-Cctv_mp4-0029_jpg.rf.7e1634e7440ad952d04a7f556f6f990a.jpg,Left_Neutral
Iska-Cctv_mp4-0028_jpg.rf.6e773eb75f964265021ad9dfb6315d0e.jpg,Left_Neutral
Raiz-Cctv_mp4-0117_jpg.rf.3e51f232f1397f40cc4858ce1d03ba0a.jpg,Left_Neutral
Amri_CCTV_1M_1_mp4-0035_jpg.rf.85283e0298d1f2ffe2a4665aa6edead8.jpg,Left_Neutral
Nurhatinah-Cctv_mp4-0021_jpg.rf.66f106daa2db26e10746aef41118bc1f.jpg,Left_Neutral
Wahyu_CCTV_mp4-0078_jpg.rf.e29b9cf683109a17eef1615beafc03b7.jpg,Left_Neutral
Raiz-Cctv_mp4-0023_jpg.rf.8c6cf4ff65215dfd4441fdaa7fc68164.jpg,Left_Neutral
Wahyu_CCTV_mp4-0003_jpg.rf.3f680e8a0f89f8373ccc3faea5019351.jpg,Left_Neutral
Iska-Cctv_mp4-0049_jpg.rf.efd9da8aa0a3b26dae6fb3ae78906893.jpg,Left_Neutral
Erwin_1M_2_mp4-0027_jpg.rf.7fd389d7b55aed9bff24dac100afcb53.jpg,Left_Neutral
Wahyu_CCTV_mp4-0013_jpg.rf.36aed1be8ff00537606e77342e614585.jpg,Left_Neutral
Nurhatinah-Cctv_mp4-0035_jpg.rf.33b3d1b9bfc00cda0e697084df59df7b.jpg,Left_Neutral
Iska-Cctv_mp4-0015_jpg.rf.ed9100439f337f50b09a4b76c6aa990c.jpg,Left_Neutral
Syahid-Cctv_mp4-0032_jpg.rf.49ccf9683b4b8e21e8ca6f4fdaf20636.jpg,Left_Neutral
Syahid-Cctv_mp4-0020_jpg.rf.81bcfbd13186184bd3669086beaefad5.jpg,Left_Neutral
Nurhatinah-Cctv_mp4-0016_jpg.rf.c038ea46ff5cbd399d16992f9e6c469f.jpg,Left_Neutral
Syahid-Cctv_mp4-0015_jpg.rf.db244d27d42c1411ed19316873b29001.jpg,Left_Neutral
Wahyu_CCTV_mp4-0019_jpg.rf.d774d5bc1f78386016633a5e5a15a694.jpg,Left_Neutral
Amri_CCTV_1M_1_mp4-0028_jpg.rf.06c1e91bee3a3a6684648f7eb101788e.jpg,Left_Neutral
Raiz-Cctv_mp4-0017_jpg.rf.8446e8369cdccad474585f6da192fb49.jpg,Left_Neutral
Bulan_1M_2_mp4-0024_jpg.rf.593b8b9327848da54f725b99ba0c386a.jpg,Left_Neutral
Wahyu_CCTV_mp4-0017_jpg.rf.2bd7bf9ffac67f2e635894d61bf2cf3c.jpg,Left_Neutral
Raiz-Cctv_mp4-0037_jpg.rf.1f6fa7c30d769b6f1b332a6ff8e8b16c.jpg,Left_Neutral
Amri_CCTV_1M_2_mp4-0020_jpg.rf.89feffdde80f30c49859505bb6cd37a1.jpg,Left_Neutral
Nurhatinah-Cctv_mp4-0023_jpg.rf.39f4685965d8edbcec06ccb95efe17f1.jpg,Left_Neutral
Syahid-Cctv_mp4-0016_jpg.rf.3fac73ae5851244c967b156470ff09bf.jpg,Left_Neutral
Nurhatinah-Cctv_mp4-0036_jpg.rf.140eec1b61834ee2bcdcef7054f3098c.jpg,Left_Neutral
Raiz-Cctv_mp4-0012_jpg.rf.6eeb12da8a154e4c9ec3b34ff8ed01ab.jpg,Left_Neutral
Iska-Cctv_mp4-0011_jpg.rf.b223b985d50c0f5a97454b38c3b402d9.jpg,Left_Neutral
Raiz-Cctv_mp4-0021_jpg.rf.201773424394990ce207d25e3ae3577e.jpg,Left_Neutral
Wahyu_CCTV_mp4-0018_jpg.rf.4e02d71b93dd213065660e7f1274e1bf.jpg,Left_Neutral
Iska-Cctv_mp4-0031_jpg.rf.3cc0fbce13f6fb03dda7fe96ebd02bf4.jpg,Left_Neutral
Raiz-Cctv_mp4-0118_jpg.rf.fadc9d4262103d9fd204298d96b6f893.jpg,Left_Neutral
Raiz-Cctv_mp4-0033_jpg.rf.cce60027f5e7310435ae497ed589f38a.jpg,Left_Neutral
Amri_CCTV_1M_1_mp4-0024_jpg.rf.886688c20f11cbb62966633f2b6ca725.jpg,Left_Neutral
Raiz-Cctv_mp4-0025_jpg.rf.d0bd7c22d8f5ef67e06d4e2b9dc2f650.jpg,Left_Neutral
Wahyu_CCTV_mp4-0005_jpg.rf.9afec3ba448fe0e58ea988922ba625fd.jpg,Left_Neutral
Raiz-Cctv_mp4-0036_jpg.rf.070df6d6def2a546c02a81c7b54ce374.jpg,Left_Neutral
Nurhatinah-Cctv_mp4-0038_jpg.rf.4fad303559d1833e1154cacfe3a54f96.jpg,Left_Neutral
Nurhatinah-Cctv_mp4-0046_jpg.rf.728bff87ace0f1cffc55cf8192d38e91.jpg,Left_Neutral
Syahid-Cctv_mp4-0013_jpg.rf.0601d011801ff9e49b83771c807d149a.jpg,Left_Neutral
Syahid-Cctv_mp4-0024_jpg.rf.8ca55a6b4cd050b012e644f5c4ceb190.jpg,Left_Neutral
Raiz-Cctv_mp4-0026_jpg.rf.fa47c4f4d58d991754dae2ed0dad4217.jpg,Left_Neutral
Amri_CCTV_1M_1_mp4-0030_jpg.rf.3c8021c419b7f0b9476b15ae95daef4a.jpg,Left_Neutral
Iska-Cctv_mp4-0010_jpg.rf.a05aacb96d4e6dd6fa84fa47aece2c2b.jpg,Left_Neutral
Raiz-Cctv_mp4-0019_jpg.rf.49000e65fecaeab3e0efdf3e147c9c8a.jpg,Left_Neutral
Nurhatinah-Cctv_mp4-0022_jpg.rf.badeaa6857f44a0d34bc26d383d62355.jpg,Left_Neutral
Syahid-Cctv_mp4-0017_jpg.rf.d457bc92278988a4cf16b4e3b1eeb9b0.jpg,Left_Neutral
Nurhatinah-Cctv_mp4-0048_jpg.rf.c9b214b6023720667322cb1a454068ca.jpg,Left_Neutral
Bulan_1M_2_mp4-0023_jpg.rf.e1ebf49c6f3fb6c7a14de123b307e361.jpg,Left_Neutral
Syahid-Cctv_mp4-0101_jpg.rf.43e74c4f7a0936ad13b5f4aa33342eeb.jpg,Left_Neutral
Iska-Cctv_mp4-0024_jpg.rf.3bc522943a7e962a7790e76d5e98d286.jpg,Left_Neutral
Nurhatinah-Cctv_mp4-0026_jpg.rf.88553254293f9675cdfc2328dc0f74d5.jpg,Left_Neutral
Amri_CCTV_1M_1_mp4-0025_jpg.rf.348465c5cc602c784927553a4926d60d.jpg,Left_Neutral
Bulan_1M_2_mp4-0022_jpg.rf.416271a19e5ac2e33810274227549e28.jpg,Left_Neutral
Syahid-Cctv_mp4-0026_jpg.rf.9664a91488485ae972b2a065897d55b1.jpg,Left_Neutral
Nurhatinah-Cctv_mp4-0015_jpg.rf.4ee7a269b5d5c51dcac4622f23ed610d.jpg,Left_Neutral
Raiz-Cctv_mp4-0027_jpg.rf.498022d58a4b027a97da846cbe986ca0.jpg,Left_Neutral
Nurhatinah-Cctv_mp4-0140_jpg.rf.73b5034b441f6e5e61fcc6cf2595b131.jpg,Left_Neutral
Nurhatinah-Cctv_mp4-0033_jpg.rf.a421e8dd5aeccd62d951a7fe5aead743.jpg,Left_Neutral
Syahid-Cctv_mp4-0018_jpg.rf.7e0916ba81e2a49ee1844337ec7895a7.jpg,Left_Neutral
Amri_CCTV_1M_1_mp4-0027_jpg.rf.5694ae4c887b17bd72be60a7bda91180.jpg,Left_Neutral
Nurhatinah-Cctv_mp4-0032_jpg.rf.5e2f5ac1d71b9e536b7e9c913a708a87.jpg,Left_Neutral
Nurhatinah-Cctv_mp4-0045_jpg.rf.01f53ae110dd40b5879647ab12d0c93f.jpg,Left_Neutral
Syahid-Cctv_mp4-0028_jpg.rf.13ca4d2cf976e59724e3d1fe05bd6a07.jpg,Left_Neutral
Wahyu_CCTV_mp4-0021_jpg.rf.27b5492a5972a28389870e35e6a52dd8.jpg,Left_Neutral
Syahid-Cctv_mp4-0025_jpg.rf.221410abd75062c0054acead69f4ea21.jpg,Left_Neutral
Nurhatinah-Cctv_mp4-0041_jpg.rf.1a6332214450db9d4d48b2d1509eca21.jpg,Left_Neutral
Erwin_1M_2_mp4-0030_jpg.rf.a07d369aeeaa6d60bc9cc1010a3e760f.jpg,Left_Neutral
Erwin_1M_2_mp4-0028_jpg.rf.8fe921e5382fa9ef5b288e7eb42982c4.jpg,Left_Neutral
Nurhatinah-Cctv_mp4-0024_jpg.rf.98d7b537ca9e922f339a78c2864a096e.jpg,Left_Neutral
Raiz-Cctv_mp4-0032_jpg.rf.776384599c4bd3025e658fe5eec2850a.jpg,Left_Neutral
Mahdaniar-1M_mp4-0020_jpg.rf.3746fc7b23f5f7f9e0543fd5006702d2.jpg,Left_Neutral
Syahid-Cctv_mp4-0019_jpg.rf.88e3e2f758a1a0955c939fd9ece5ac98.jpg,Left_Neutral
Nurhatinah-Cctv_mp4-0049_jpg.rf.46cd21b0ca0a0b56be3b4d95e1c0775d.jpg,Left_Neutral
Syahid-Cctv_mp4-0100_jpg.rf.5286e852baa281c9949d3eddb3c31dec.jpg,Left_Neutral
Wahyu_CCTV_mp4-0006_jpg.rf.3f7c79cc1a63763024991ef8594b700e.jpg,Left_Neutral
Raiz-Cctv_mp4-0120_jpg.rf.7db56bd4a869f2cc95fbb4573499c1fb.jpg,Left_Neutral
Amri_CCTV_1M_1_mp4-0023_jpg.rf.62d8ffb7865edffe484c602f696bc778.jpg,Left_Neutral
Amri_CCTV_1M_2_mp4-0021_jpg.rf.4dbdf65f73d422deada94e2b111885ec.jpg,Left_Neutral
Nurhatinah-Cctv_mp4-0139_jpg.rf.b6a1e5b5d6fe46f0982d829c43bed8f5.jpg,Left_Neutral
Iska-Cctv_mp4-0026_jpg.rf.329bf6aaaf3b2b262219d6eaef14203d.jpg,Left_Neutral
Nurhatinah-Cctv_mp4-0030_jpg.rf.9927dc2d16755805f54adfd2f69a9a39.jpg,Left_Neutral
Iska-Cctv_mp4-0044_jpg.rf.35e3ec0165ec73953520bad29aaa4666.jpg,Left_Neutral
Raiz-Cctv_mp4-0030_jpg.rf.db53afaeaf97811d75fde42f67b94b06.jpg,Left_Neutral
Mahdaniar-1M_mp4-0018_jpg.rf.177de6ef1b973911d249ff3b01486235.jpg,Left_Neutral
Iska-Cctv_mp4-0013_jpg.rf.bdf6909133b1c85aaa628a79e31d2272.jpg,Left_Neutral
Nurhatinah-Cctv_mp4-0141_jpg.rf.c055e0ceddbe3e9cf0c5a3a26aaa4c24.jpg,Left_Neutral
Iska-Cctv_mp4-0032_jpg.rf.cc46b933d8253759d8462ced90b89899.jpg,Left_Neutral
Iska-Cctv_mp4-0017_jpg.rf.08e09fb9619acab3efc0f069d8bac2fc.jpg,Left_Neutral
Nurhatinah-Cctv_mp4-0040_jpg.rf.a5d7a874f233a7b2d261e078e1105bd4.jpg,Left_Neutral
Iska-Cctv_mp4-0020_jpg.rf.1788715277de882d22394e246f6b7f40.jpg,Left_Neutral
Syahid-Cctv_mp4-0027_jpg.rf.c18efc4a1aa55ea34dd7fd80d63749ce.jpg,Left_Neutral
Raiz-Cctv_mp4-0035_jpg.rf.512804574d742cc4844370c68a6edd1d.jpg,Left_Neutral
Amri_CCTV_1M_1_mp4-0032_jpg.rf.a4772505e1fe3e703ba19cc43ca330fe.jpg,Left_Neutral
Raiz-Cctv_mp4-0014_jpg.rf.718e03d371e5951524ec8a6a346d8e43.jpg,Left_Neutral
Wahyu_CCTV_mp4-0020_jpg.rf.f4a0ff9fcfc3b70932d85bba8d0fa2e9.jpg,Left_Neutral
Syahid-Cctv_mp4-0012_jpg.rf.653d394e0a286de8fd2bd350f7b7e29f.jpg,Left_Neutral
Erwin_1M_2_mp4-0029_jpg.rf.0ad448c8e834b12f8296cf676bb7c0c2.jpg,Left_Neutral
Nurhatinah-Cctv_mp4-0025_jpg.rf.880590cacbe525ad275f1ba46f29fa4c.jpg,Left_Neutral
Iska-Cctv_mp4-0025_jpg.rf.1725ec733d69fa4ef9e9f5e702e4f1c8.jpg,Left_Neutral
Syahid-Cctv_mp4-0014_jpg.rf.f87d4e1433fcb0a791c9d9acc0e99adf.jpg,Left_Neutral
Nurhatinah-Cctv_mp4-0020_jpg.rf.657958953cab11f840154364d85840ce.jpg,Left_Neutral
Raiz-Cctv_mp4-0015_jpg.rf.0004e468a328e2c4804844a21ca3d5c6.jpg,Left_Neutral
Raiz-Cctv_mp4-0024_jpg.rf.87872bcb5a27cb1e7516576f4e4236a0.jpg,Left_Neutral
Syahid-Cctv_mp4-0031_jpg.rf.edcce46579336509ee047f1af9ea579c.jpg,Left_Neutral
Raiz-Cctv_mp4-0038_jpg.rf.c2f4fec2933367022d76f1077c590ec7.jpg,Left_Neutral
Raiz-Cctv_mp4-0119_jpg.rf.1dfd393843c0aa46f46301d087640cae.jpg,Left_Neutral
Iska-Cctv_mp4-0022_jpg.rf.93e133880801029ce7acb159dc1b0d7e.jpg,Left_Neutral
Raiz-Cctv_mp4-0018_jpg.rf.96fe709ca1f9df0f6e499f69563ba139.jpg,Left_Neutral
Raiz-Cctv_mp4-0028_jpg.rf.d2e6bbdc7696475655910d5fd4c44336.jpg,Left_Neutral
Nurhatinah-Cctv_mp4-0008_jpg.rf.b493f1489995cdff1cec2ae0703e4afc.jpg,Left_Neutral
Amri_CCTV_1M_1_mp4-0022_jpg.rf.0a1cf5ffc2dccb1972f122d3746dde22.jpg,Left_Neutral
Amri_CCTV_1M_1_mp4-0029_jpg.rf.fabdba9aad0f168825c70db5f8d6ee46.jpg,Left_Neutral
Amri_CCTV_1M_1_mp4-0026_jpg.rf.a98b8aa8cb14e3748b43210af97cce9f.jpg,Left_Neutral
Nurhatinah-Cctv_mp4-0028_jpg.rf.37991abcc1a5b2367182d7e6380c0d6f.jpg,Left_Neutral
Nurhatinah-Cctv_mp4-0010_jpg.rf.b104315a138ba3534d22c89baf4a5a72.jpg,Left_Neutral
Iska-Cctv_mp4-0018_jpg.rf.eb014c1076636c515021cbce8962f1f6.jpg,Left_Neutral
Nurhatinah-Cctv_mp4-0042_jpg.rf.dc04d7e82ba76ab4dba3eb841259b16f.jpg,Left_Neutral
Bulan_1M_2_mp4-0028_jpg.rf.182f91275722f4c87df76eeae0c76700.jpg,Left_Up
Erwin_1M_2_mp4-0024_jpg.rf.75272683f869c71448870ee8e00f1b46.jpg,Left_Up
Amri_CCTV_1M_2_mp4-0019_jpg.rf.a9573766406a65a279501a6b80d2b83a.jpg,Left_Up
Mahdaniar-1M_mp4-0011_jpg.rf.e200ec9690fdaa4d475eec2ad8fc7819.jpg,Left_Up
Raiz-Cctv_mp4-0113_jpg.rf.c05834a1bb11896478eed492da94b49b.jpg,Left_Up
Wahyu_CCTV_mp4-0072_jpg.rf.a0ec0b3a49e2ec3f8323be350aa6b7c5.jpg,Left_Up
Erwin_1M_2_mp4-0025_jpg.rf.59108f7cc56fafce13764dcbb86f6b7e.jpg,Left_Up
Raiz-Cctv_mp4-0116_jpg.rf.7dfb6103c7730c8250f317c44d6f1daa.jpg,Left_Up
Syahid-Cctv_mp4-0102_jpg.rf.79908d20cd6b704a72a9a83a4d248912.jpg,Left_Up
Amri_CCTV_1M_2_mp4-0016_jpg.rf.32232af49a7f64dd8bbed259fabaa169.jpg,Left_Up
Mahdaniar-1M_mp4-0014_jpg.rf.89a7391e060cb9731737bf0763657aad.jpg,Left_Up
Erwin_1M_2_mp4-0026_jpg.rf.12f8596520c90c9ba0efd4eb81327823.jpg,Left_Up
Amri_CCTV_1M_1_mp4-0031_jpg.rf.583e301299f31d0b56c01b7c848aba86.jpg,Left_Up
Bulan_1M_2_mp4-0025_jpg.rf.773fa117f2b9171983b336b6186781ff.jpg,Left_Up
Mahdaniar-1M_mp4-0013_jpg.rf.0c3d193a603c7250d2f02c23abc1c98c.jpg,Left_Up
Nurhatinah-Cctv_mp4-0102_jpg.rf.b7e2153679ba8fb2364be01b52bb0c2a.jpg,Left_Up
Raiz-Cctv_mp4-0114_jpg.rf.1b1a5462a5fd766237b65e22409c7cf7.jpg,Left_Up
Mahdaniar-1M_mp4-0015_jpg.rf.175c9b2f684cf95fb682c6018685e7c9.jpg,Left_Up
Mahdaniar-1M_mp4-0016_jpg.rf.f81054b8c303cbe5b3e3a5f978c83af8.jpg,Left_Up
Nurhatinah-Cctv_mp4-0101_jpg.rf.b36e38585c2ab162315f45fb4018791f.jpg,Left_Up
Amri_CCTV_1M_2_mp4-0017_jpg.rf.dd28c18c3405f1d6f9eaf86f8f97fe8a.jpg,Left_Up
Syahid-Cctv_mp4-0103_jpg.rf.0e4ed0dc438e0289a89fa7cd29e498dd.jpg,Left_Up
Erwin_1M_2_mp4-0022_jpg.rf.116faa2a1b777a9624b614972e768e96.jpg,Left_Up
Bulan_1M_2_mp4-0029_jpg.rf.95c2ee0143a31d94a76a49a4120d71d9.jpg,Left_Up
Raiz-Cctv_mp4-0115_jpg.rf.fa175f9465f81e374815ecc1da50272f.jpg,Left_Up
Erwin_1M_2_mp4-0021_jpg.rf.08841a7898275e85f3988b26da99a715.jpg,Left_Up
Nurhatinah-Cctv_mp4-0103_jpg.rf.9a14aaca69f0d4c74cc5b3498fda111d.jpg,Left_Up
Nurhatinah-Cctv_mp4-0104_jpg.rf.3fc43d0395d7a2b6bc582184181c4e88.jpg,Left_Up
Wahyu_CCTV_mp4-0070_jpg.rf.384f83cf8527f34b24f8e26b4386e17f.jpg,Left_Up
Bulan_1M_2_mp4-0030_jpg.rf.22b0d957dc3777e140b88f5fffed0ca7.jpg,Left_Up
Raiz-Cctv_mp4-0110_jpg.rf.d7bdd9dd85c69ae1ec44be20d4a214f2.jpg,Left_Up
Mahdaniar-1M_mp4-0012_jpg.rf.e0e8dba13204d8b3552822cf1324fb42.jpg,Left_Up
Erwin_1M_2_mp4-0023_jpg.rf.be1541c47d07e6ef8b8679461868e7da.jpg,Left_Up
Bulan_1M_2_mp4-0027_jpg.rf.5d9e7d8d8e204d4e39b69a7b84dc9b2a.jpg,Left_Up
Mahdaniar-1M_mp4-0017_jpg.rf.02ba345741b74d17f4d1341634d70caf.jpg,Left_Up
Amri_CCTV_1M_2_mp4-0014_jpg.rf.11be01f0ff3710a41a40ce755117f633.jpg,Left_Up
Wahyu_CCTV_mp4-0071_jpg.rf.703350e686ac08a782adbe0d8c6fc300.jpg,Left_Up
Amri_CCTV_1M_2_mp4-0018_jpg.rf.933b1f20b8952d7a7c34abe2af3d4ec4.jpg,Left_Up
Amri_CCTV_1M_2_mp4-0015_jpg.rf.28e5786149f8aa4a21b7b747d1e11803.jpg,Left_Up
Bulan_1M_2_mp4-0026_jpg.rf.41319af148c00e1549ba6fb172dd8c9c.jpg,Left_Up
Raiz-Cctv_mp4-0112_jpg.rf.dd7ded92d9d13c52bd58cc7939abb342.jpg,Left_Up
Amri_CCTV_1M_2_mp4-0013_jpg.rf.62dd7e0913848cdf19a4fed8b6b4163b.jpg,Left_Up
Raiz-Cctv_mp4-0111_jpg.rf.d33be8ace54c1a95f9f47d45ac9e27eb.jpg,Left_Up
Amri_CCTV_1M_2_mp4-0012_jpg.rf.bf4bd3f39bc8580d0feceac3b07cf414.jpg,Left_Up
Nurhatinah-Cctv_mp4-0112_jpg.rf.72f7a8d56831728f2afdba4c6821319a.jpg,Front_Up
Erwin_1M_2_mp4-0016_jpg.rf.5a34d71c294582fbd745aa52a2c7affb.jpg,Front_Up
Nurhatinah-Cctv_mp4-0109_jpg.rf.c5a026120e28e87e8a71509dd6947e6e.jpg,Front_Up
Amri_CCTV_1M_2_mp4-0043_jpg.rf.21ff8ff660939a2b107d9994f7a82922.jpg,Front_Up
Erwin_1M_2_mp4-0070_jpg.rf.ce3f72af037910d6b4c0c556aeb12123.jpg,Front_Up
Erwin_1M_2_mp4-0020_jpg.rf.e423cde55fa496023b66d154ec9bd660.jpg,Front_Up
Erwin_1M_2_mp4-0012_jpg.rf.1f76f5c0e70dfc0a1b4bcdc251f53895.jpg,Front_Up
Erwin_1M_2_mp4-0015_jpg.rf.e9798f60d9a35802e921f8c0a019660f.jpg,Front_Up
Wahyu_CCTV_mp4-0066_jpg.rf.047f18885130a1a4c99d21c32e774a56.jpg,Front_Up
Amri_CCTV_1M_2_mp4-0045_jpg.rf.f671dfc99c3779a130d6288ba5179518.jpg,Front_Up
Erwin_1M_2_mp4-0013_jpg.rf.3bf9bb642ef122ea957d86b656895f44.jpg,Front_Up
Erwin_1M_2_mp4-0067_jpg.rf.c0c9c1605b0ba943ba55aafe7a159e25.jpg,Front_Up
Raiz-Cctv_mp4-0109_jpg.rf.8dbacdad6f60a653a7d95a820bec1523.jpg,Front_Up
Amri_CCTV_1M_2_mp4-0009_jpg.rf.e9c07d61809edae89b653ad6424ec39c.jpg,Front_Up
Nurhatinah-Cctv_mp4-0108_jpg.rf.7163d2261d92b8b8636c0b80268632a4.jpg,Front_Up
Raiz-Cctv_mp4-0108_jpg.rf.50c88c23bb9d2a69717820f7feac83ea.jpg,Front_Up
Iska-Cctv_mp4-0213_jpg.rf.d945417a21739c70c2a98420263b5664.jpg,Front_Up
Erwin_1M_2_mp4-0069_jpg.rf.826f3142d131f165bc328f94d07b2ea7.jpg,Front_Up
Syahid-Cctv_mp4-0106_jpg.rf.248111ea3a9cdb511ca2fb99bd3a84f7.jpg,Front_Up
Iska-Cctv_mp4-0152_jpg.rf.5282c2f3a6bb5ee67657982b63a59911.jpg,Front_Up
Nurhatinah-Cctv_mp4-0105_jpg.rf.435362101956b0034f510866314cf8f4.jpg,Front_Up
Wahyu_CCTV_mp4-0062_jpg.rf.522608d6cb3f84d46170553865495dca.jpg,Front_Up
Iska-Cctv_mp4-0153_jpg.rf.e398a7440e99782bec9419ba92af9b28.jpg,Front_Up
Nurhatinah-Cctv_mp4-0111_jpg.rf.9a40c601696ae445b689eb6213331e96.jpg,Front_Up
Erwin_1M_2_mp4-0071_jpg.rf.3ca85f52f631dae1f488d652da7b368a.jpg,Front_Up
Nurhatinah-Cctv_mp4-0110_jpg.rf.ad622e2785b03314bcaf71b2dfd791e2.jpg,Front_Up
Erwin_1M_2_mp4-0011_jpg.rf.32040899774e6a3f382b2787043e5e77.jpg,Front_Up
Amri_CCTV_1M_2_mp4-0008_jpg.rf.9f51382bec0f5bfa43d771e708d9fcd6.jpg,Front_Up
Iska-Cctv_mp4-0212_jpg.rf.713cebbd39f749fba149b568e5940f43.jpg,Front_Up
Erwin_1M_2_mp4-0017_jpg.rf.3407d5e7976e078d995f3f2c8d06091b.jpg,Front_Up
Raiz-Cctv_mp4-0106_jpg.rf.e2ed91a4ab85055737d550e091f3ee63.jpg,Front_Up
Raiz-Cctv_mp4-0105_jpg.rf.118c9de97d4819434fb9465a20929aaa.jpg,Front_Up
Erwin_1M_2_mp4-0019_jpg.rf.a08eae93e6b095680d51c045a0f28aa6.jpg,Front_Up
Erwin_1M_2_mp4-0014_jpg.rf.e299e84ed94253a7823329063df78256.jpg,Front_Up
Erwin_1M_2_mp4-0018_jpg.rf.6489ad7533bf0f2304045ca7257a19b0.jpg,Front_Up
Wahyu_CCTV_mp4-0063_jpg.rf.179384af1531ae5ce5ca4f521db15097.jpg,Front_Up
Syahid-Cctv_mp4-0107_jpg.rf.c117dcfdaccf3f87b4a77c58f649c76d.jpg,Front_Up
Wahyu_CCTV_mp4-0061_jpg.rf.d87985925fb07d50838ff07c51772e6e.jpg,Front_Up
Nurhatinah-Cctv_mp4-0107_jpg.rf.289207472f05a69d1dc52a1f6ec87082.jpg,Front_Up
Amri_CCTV_1M_2_mp4-0010_jpg.rf.d656046116e7c602955204196d74de79.jpg,Front_Up
Iska-Cctv_mp4-0154_jpg.rf.ca62ce24bfc81cb9e0ca82743939b0e8.jpg,Front_Up
Erwin_1M_2_mp4-0068_jpg.rf.de1edfb8c2ffd1039435b4ef97b5f577.jpg,Front_Up
Iska-Cctv_mp4-0197_jpg.rf.053c5bf581ffffd63f77833c7994aa34.jpg,Front_Up
Raiz-Cctv_mp4-0107_jpg.rf.c016adf657377e1b89a80989ced06738.jpg,Front_Up
Nurhatinah-Cctv_mp4-0106_jpg.rf.f4f8a6fd2d3ef7ed50222374d6abf14c.jpg,Front_Up
Amri_CCTV_1M_2_mp4-0046_jpg.rf.e18d4d1b4d691f171b591ef4745b185d.jpg,Front_Up
Mahdaniar-1M_mp4-0036_jpg.rf.9e627b4cb6e5b2ddcf2e05b34dc63158.jpg,Right_Neutral
Raiz-Cctv_mp4-0082_jpg.rf.7ccd0e802d6fcbc61fd2ded25d26299e.jpg,Right_Neutral
Iska-Cctv_mp4-0087_jpg.rf.ac116b46cc954eddf023e48b0dddb3b9.jpg,Right_Neutral
Nurhatinah-Cctv_mp4-0063_jpg.rf.6bf5a359b889e87eba6adf2dea6e3965.jpg,Right_Neutral
Syahid-Cctv_mp4-0047_jpg.rf.2768471ad2a655269f1fe63cb6483eec.jpg,Right_Neutral
Mahdaniar-1M_mp4-0037_jpg.rf.f8ebaf4edfb2b74d35807cf222869636.jpg,Right_Neutral
Nurhatinah-Cctv_mp4-0078_jpg.rf.55a13035507d7aeaa3e16e7d573df15e.jpg,Right_Neutral
Iska-Cctv_mp4-0091_jpg.rf.81e857d1eaffb52bb1a43a1ee201360d.jpg,Right_Neutral
Mahdaniar-1M_mp4-0038_jpg.rf.2a69b038a3b90f94dc446bec51ce8d73.jpg,Right_Neutral
Amri_CCTV_1M_1_mp4-0046_jpg.rf.c71cdc5a619df4ecf1c9b5c3330c8eaf.jpg,Right_Neutral
Syahid-Cctv_mp4-0048_jpg.rf.40e319997c16e61822a76a82d667dc1d.jpg,Right_Neutral
Raiz-Cctv_mp4-0146_jpg.rf.ab314e7d622e7762676af899f7888bce.jpg,Right_Neutral
Raiz-Cctv_mp4-0080_jpg.rf.130aeda0c56e2a4b3c630b6074e0b28c.jpg,Right_Neutral
Syahid-Cctv_mp4-0061_jpg.rf.22ae100b4118f6d6c1a5c7f912f28a8a.jpg,Right_Neutral
Wahyu_CCTV_mp4-0045_jpg.rf.f6ae90e9a36c425b11d7366bfaf7fbed.jpg,Right_Neutral
Syahid-Cctv_mp4-0051_jpg.rf.e6d3bf3c7c099d2ff19f2fc5c22614ff.jpg,Right_Neutral
Raiz-Cctv_mp4-0068_jpg.rf.50ff054f0a1529522fa0673eb4e992e1.jpg,Right_Neutral
Syahid-Cctv_mp4-0063_jpg.rf.ec21d8ec279b5e41c517bf7a52be66eb.jpg,Right_Neutral
Wahyu_CCTV_mp4-0035_jpg.rf.ab3d993fddd9bdc60aaa4a2eb0e2744a.jpg,Right_Neutral
Amri_CCTV_1M_1_mp4-0048_jpg.rf.7c07b2cc9f370fb818161f811a7d0e31.jpg,Right_Neutral
Syahid-Cctv_mp4-0060_jpg.rf.d5376a4ea9fb4a5cc8bd7a3fc4ef4668.jpg,Right_Neutral
Raiz-Cctv_mp4-0070_jpg.rf.c3f6defede5e2819c7c247e79f5630de.jpg,Right_Neutral
Nurhatinah-Cctv_mp4-0058_jpg.rf.1ee07b656e792aaf817cd30dc7da7b37.jpg,Right_Neutral
Iska-Cctv_mp4-0065_jpg.rf.83b37e478e367f3b4df84b14327e5924.jpg,Right_Neutral
Raiz-Cctv_mp4-0078_jpg.rf.3d1671ba7bdbd6e5840a6a890b0472e4.jpg,Right_Neutral
Wahyu_CCTV_mp4-0052_jpg.rf.94f6bccd2273006ca97f2d446098a8f5.jpg,Right_Neutral
Nurhatinah-Cctv_mp4-0071_jpg.rf.4930dade3ad3e957de60d9bfedadfcc8.jpg,Right_Neutral
Nurhatinah-Cctv_mp4-0118_jpg.rf.418039d2d8aa0b21227b23dc2bde9fa4.jpg,Right_Neutral
Iska-Cctv_mp4-0083_jpg.rf.810f95b394a0eb9b2b3878275d7e9fdf.jpg,Right_Neutral
Raiz-Cctv_mp4-0081_jpg.rf.2959b90f6115b834b8b3280256a089f5.jpg,Right_Neutral
Iska-Cctv_mp4-0101_jpg.rf.d5a997983a53f5c67ecdc4b54d0ed263.jpg,Right_Neutral
Iska-Cctv_mp4-0090_jpg.rf.ec34f9ee8a400881752fbe554c31484c.jpg,Right_Neutral
Erwin_1M_2_mp4-0056_jpg.rf.966b37de24d5564ad960aa4bf3b7dc93.jpg,Right_Neutral
Raiz-Cctv_mp4-0073_jpg.rf.dff000e0496545bbe92b08175d071bc5.jpg,Right_Neutral
Wahyu_CCTV_mp4-0049_jpg.rf.2b33ccb3553744a8d204dadee66f6b09.jpg,Right_Neutral
Nurhatinah-Cctv_mp4-0080_jpg.rf.9ad35d3ec04e039806271d2b95a93adb.jpg,Right_Neutral
Nurhatinah-Cctv_mp4-0064_jpg.rf.774534a77f4ccc07c455eb8f57e27113.jpg,Right_Neutral
Syahid-Cctv_mp4-0053_jpg.rf.d82e37e0169d5b30502656f6bbcaa0cc.jpg,Right_Neutral
Nurhatinah-Cctv_mp4-0079_jpg.rf.5b7b9e66468d143608a0a753b016a1bd.jpg,Right_Neutral
Iska-Cctv_mp4-0073_jpg.rf.8a36edd7818fb3f3d5259f8b33416f53.jpg,Right_Neutral
Nurhatinah-Cctv_mp4-0068_jpg.rf.0f36f0d4164715ec33de10d279c53672.jpg,Right_Neutral
Amri_CCTV_1M_1_mp4-0047_jpg.rf.aebf0868d9b5db3e846cffaebf56a9b9.jpg,Right_Neutral
Amri_CCTV_1M_1_mp4-0052_jpg.rf.072aabe21a4ec5e443f35f26a71fc594.jpg,Right_Neutral
Amri_CCTV_1M_1_mp4-0053_jpg.rf.8b42534685ea9ed8e358a9c64c644e34.jpg,Right_Neutral
Wahyu_CCTV_mp4-0034_jpg.rf.32f29627209dd26194ab14a7e6728b40.jpg,Right_Neutral
Mahdaniar-1M_mp4-0034_jpg.rf.f8e35b3d37e1949edaa7675a98623713.jpg,Right_Neutral
Syahid-Cctv_mp4-0065_jpg.rf.8d5d2b6b96f29e5da23bca12edf4dae7.jpg,Right_Neutral
Wahyu_CCTV_mp4-0102_jpg.rf.3954fc9a0b595ba1d8e34ce55e28f361.jpg,Right_Neutral
Raiz-Cctv_mp4-0085_jpg.rf.cc024f406f9eba92e3b1046982d7d406.jpg,Right_Neutral
Syahid-Cctv_mp4-0057_jpg.rf.d1a0e0e603ce731d0519edaf86fd88e2.jpg,Right_Neutral
Syahid-Cctv_mp4-0114_jpg.rf.18f6b8acf14a16183ba079cd0da126d5.jpg,Right_Neutral
Iska-Cctv_mp4-0097_jpg.rf.888be65e5a1923de375c554bee1fd724.jpg,Right_Neutral
Iska-Cctv_mp4-0089_jpg.rf.a3b93441e671599137dc2e0836d21979.jpg,Right_Neutral
Iska-Cctv_mp4-0067_jpg.rf.24738dc1a666bf20a188b774c056b2d4.jpg,Right_Neutral
Wahyu_CCTV_mp4-0051_jpg.rf.111799b2353f3210eb9351318f7b1db6.jpg,Right_Neutral
Wahyu_CCTV_mp4-0050_jpg.rf.1affcedd6cb16acf18a0a25957f99c79.jpg,Right_Neutral
Iska-Cctv_mp4-0074_jpg.rf.d6b01a7144e7a32bbd203c1b14348fd8.jpg,Right_Neutral
Syahid-Cctv_mp4-0066_jpg.rf.518092e12eb7c7ca46ba2e4d4774d889.jpg,Right_Neutral
Raiz-Cctv_mp4-0064_jpg.rf.18b225547d2e72a4b582e954f6d9fad0.jpg,Right_Neutral
Syahid-Cctv_mp4-0059_jpg.rf.b0ef44ea2da1cd3efb0325feb388f42c.jpg,Right_Neutral
Raiz-Cctv_mp4-0066_jpg.rf.3158106e4bdc806adf9f4766438a24dd.jpg,Right_Neutral
Nurhatinah-Cctv_mp4-0060_jpg.rf.bd72abaef9db839171178590a238e61d.jpg,Right_Neutral
Wahyu_CCTV_mp4-0101_jpg.rf.f0caf9568ede105a2f682ffdfdb10e5f.jpg,Right_Neutral
Syahid-Cctv_mp4-0068_jpg.rf.4842b8a026fbb0e1af196d61f14b98d3.jpg,Right_Neutral
Raiz-Cctv_mp4-0071_jpg.rf.b38525e956ca1efa048b36316b0e874b.jpg,Right_Neutral
Iska-Cctv_mp4-0095_jpg.rf.41afd371b380d63bc4e173003fa02e61.jpg,Right_Neutral
Amri_CCTV_1M_1_mp4-0051_jpg.rf.e0071932fcd890be065b3b48064a1566.jpg,Right_Neutral
Iska-Cctv_mp4-0069_jpg.rf.e766fe67b2807c843134489765038599.jpg,Right_Neutral
Raiz-Cctv_mp4-0075_jpg.rf.4553b1a85d7fac1b7591f753843d8399.jpg,Right_Neutral
Amri_CCTV_1M_1_mp4-0044_jpg.rf.8bb25e94e8c00a8586440b05f920e0cc.jpg,Right_Neutral
Iska-Cctv_mp4-0076_jpg.rf.ababda38022ab95cc1fe59a6a4932bfa.jpg,Right_Neutral
Wahyu_CCTV_mp4-0039_jpg.rf.ed5cc25c2420fb5d11c5a4dd3a65546b.jpg,Right_Neutral
Iska-Cctv_mp4-0070_jpg.rf.30a8f4585de6b54008e56c15cfa13ae1.jpg,Right_Neutral
Raiz-Cctv_mp4-0076_jpg.rf.e13b4024b5ccbe537f477276a6a61391.jpg,Right_Neutral
Syahid-Cctv_mp4-0052_jpg.rf.dd379ad8c58cfc19c63c5dea983f8129.jpg,Right_Neutral
Wahyu_CCTV_mp4-0046_jpg.rf.fcb3ca85b1bae48d65babcd9f107addb.jpg,Right_Neutral
Iska-Cctv_mp4-0077_jpg.rf.a08a9cc1ff8c5e7bf4fee767af86c87d.jpg,Right_Neutral
Nurhatinah-Cctv_mp4-0075_jpg.rf.e15e38644dbfa0a3173518031920c770.jpg,Right_Neutral
Nurhatinah-Cctv_mp4-0072_jpg.rf.8c7f951748dcdf70cdddfdd5eba07977.jpg,Right_Neutral
Amri_CCTV_1M_1_mp4-0045_jpg.rf.a224553cb0ee303f41b992c79d34c1fc.jpg,Right_Neutral
Raiz-Cctv_mp4-0069_jpg.rf.a12bcb9b4f02c90d9bec86e5d07ec938.jpg,Right_Neutral
Syahid-Cctv_mp4-0058_jpg.rf.b5f7be1acc2f435d9a4069bad06e9197.jpg,Right_Neutral
Nurhatinah-Cctv_mp4-0119_jpg.rf.4d89a382f72b9445c1a8e7bfe7b6fd62.jpg,Right_Neutral
Nurhatinah-Cctv_mp4-0073_jpg.rf.1c7aabb64526b61b74278347b59b37a6.jpg,Right_Neutral
Amri_CCTV_1M_2_mp4-0038_jpg.rf.21f2308f885dba9c4e8faaadb86de375.jpg,Right_Neutral
Nurhatinah-Cctv_mp4-0061_jpg.rf.d7954dcb3d0e1dd453466947973eee45.jpg,Right_Neutral
Syahid-Cctv_mp4-0050_jpg.rf.62b8f34dc341c3e482121e4b634caca9.jpg,Right_Neutral
Iska-Cctv_mp4-0071_jpg.rf.aca2fca7bad6ff789edba8922bdbe57b.jpg,Right_Neutral
Syahid-Cctv_mp4-0054_jpg.rf.22b33b2c735a51382226bb4fdbc08f43.jpg,Right_Neutral
Syahid-Cctv_mp4-0062_jpg.rf.01246ab7aa90176d2d4837b63788c8eb.jpg,Right_Neutral
Amri_CCTV_1M_2_mp4-0036_jpg.rf.18cf5bd3be00249d1a13f5d35ab7450b.jpg,Right_Neutral
Nurhatinah-Cctv_mp4-0059_jpg.rf.35127008e7d448cb9232996728685b55.jpg,Right_Neutral
Wahyu_CCTV_mp4-0047_jpg.rf.4f554d4965f2b2e24d8b3f67c87acba6.jpg,Right_Neutral
Iska-Cctv_mp4-0075_jpg.rf.ba03204489fe2b1308b3af3619e4dda3.jpg,Right_Neutral
Nurhatinah-Cctv_mp4-0069_jpg.rf.e37ff89b80f19c8fb0dbff1f8ec0f32f.jpg,Right_Neutral
Raiz-Cctv_mp4-0065_jpg.rf.30f8874030ba10f21f7e2446c2e2c07f.jpg,Right_Neutral
Raiz-Cctv_mp4-0145_jpg.rf.1f574f12b89a644eb1fb9a2cf07334bb.jpg,Right_Neutral
Raiz-Cctv_mp4-0144_jpg.rf.25fc9495c56270ae4912533f699071a0.jpg,Right_Neutral
Nurhatinah-Cctv_mp4-0067_jpg.rf.527b91268dcc5bc139bc1008d2d15311.jpg,Right_Neutral
Nurhatinah-Cctv_mp4-0076_jpg.rf.b07f4522caf722d70e72578d1731db98.jpg,Right_Neutral
Iska-Cctv_mp4-0096_jpg.rf.bc7e75129ba583c107d803d8e49e2330.jpg,Right_Neutral
Raiz-Cctv_mp4-0074_jpg.rf.758532bcd50ec1cf6cf946d20f918309.jpg,Right_Neutral
Erwin_1M_2_mp4-0054_jpg.rf.aa781da1db60dc36553d04ff2bc23736.jpg,Right_Neutral
Syahid-Cctv_mp4-0064_jpg.rf.58ef34e0754391d0956326293f764d39.jpg,Right_Neutral
Nurhatinah-Cctv_mp4-0081_jpg.rf.a87e2ddf2ad42a76ffd4eff188366dfc.jpg,Right_Neutral
Iska-Cctv_mp4-0093_jpg.rf.ca900f2b0118bf7d528aee60343b2b3e.jpg,Right_Neutral
Nurhatinah-Cctv_mp4-0074_jpg.rf.610d7968e25b667a46ad49160dfe922b.jpg,Right_Neutral
Syahid-Cctv_mp4-0112_jpg.rf.724f5ed91d74219c69d53aa0a4b7a0f7.jpg,Right_Neutral
Nurhatinah-Cctv_mp4-0065_jpg.rf.d1ce3977888ac544302796e2bb005551.jpg,Right_Neutral
Syahid-Cctv_mp4-0055_jpg.rf.e2747f62fbd9a1f309c5e2b1ad44eaae.jpg,Right_Neutral
Iska-Cctv_mp4-0102_jpg.rf.6517aec13c3984260f40141762920e96.jpg,Right_Neutral
Raiz-Cctv_mp4-0083_jpg.rf.84e27f52fd2f7a2d94eb2e9530d7e428.jpg,Right_Neutral
Nurhatinah-Cctv_mp4-0117_jpg.rf.f76772f975ed9debfad77afa2ee9089f.jpg,Right_Neutral
Iska-Cctv_mp4-0068_jpg.rf.de1e776a219b68ff1b88f4da75568d6f.jpg,Right_Neutral
Nurhatinah-Cctv_mp4-0062_jpg.rf.b3065a1add674bec1bfefa54c1003db6.jpg,Right_Neutral
Syahid-Cctv_mp4-0067_jpg.rf.71e0ab596881d2355bf68e3ced01a4e0.jpg,Right_Neutral
Syahid-Cctv_mp4-0056_jpg.rf.ec0915000014ea635b4b866f654c7610.jpg,Right_Neutral
Raiz-Cctv_mp4-0067_jpg.rf.669484cea5de1077e808cf3903b35e36.jpg,Right_Neutral
Amri_CCTV_1M_1_mp4-0050_jpg.rf.1fd5808a151b20dc44d3494aac7b31d2.jpg,Right_Neutral
Amri_CCTV_1M_1_mp4-0049_jpg.rf.4b70fa37fd219b188ecf06a39f7b30c5.jpg,Right_Neutral
Wahyu_CCTV_mp4-0048_jpg.rf.734042b0d8e1f1d90c19fe8eba1c0837.jpg,Right_Neutral
Mahdaniar-1M_mp4-0035_jpg.rf.10f9ec3f16f122fd7f4baf6d7647ed2a.jpg,Right_Neutral
Nurhatinah-Cctv_mp4-0066_jpg.rf.dbfa0dc3043f60bcac5bac83042df88f.jpg,Right_Neutral
Amri_CCTV_1M_2_mp4-0037_jpg.rf.97db59e7002c9f3aa87a4d0177165282.jpg,Right_Neutral
Iska-Cctv_mp4-0100_jpg.rf.e6b07ca30c053d365a38cd299980ba07.jpg,Right_Neutral
Iska-Cctv_mp4-0066_jpg.rf.db734ef42ae66ab1d5f2c4b297f0e408.jpg,Right_Neutral
Iska-Cctv_mp4-0092_jpg.rf.12663855c2723408c9af8639378e4a5e.jpg,Right_Neutral
Raiz-Cctv_mp4-0072_jpg.rf.b7ff1e064b58e32fe1af4087bcfabcf5.jpg,Right_Neutral
Syahid-Cctv_mp4-0049_jpg.rf.3da39446f22c96bd3d5902e936ac8e32.jpg,Right_Neutral
Raiz-Cctv_mp4-0147_jpg.rf.527c5c6bd96581a5f56e2b7b81ddc0d4.jpg,Right_Neutral
Iska-Cctv_mp4-0098_jpg.rf.30b97bd14b76db411e0d4e21d08273b9.jpg,Right_Neutral
Iska-Cctv_mp4-0084_jpg.rf.2d2c7e43a3b58c6ba452e1777639692d.jpg,Right_Neutral
Raiz-Cctv_mp4-0077_jpg.rf.57aa889070c3a58b0b31cdf8ea0f4fdb.jpg,Right_Neutral
Iska-Cctv_mp4-0072_jpg.rf.ca67a60c072e0831dcd2561609853c46.jpg,Right_Neutral
Erwin_1M_2_mp4-0055_jpg.rf.e9f7fe16191ab1ca13ab15e752357516.jpg,Right_Neutral
Nurhatinah-Cctv_mp4-0077_jpg.rf.421523b22c0630ee4d6dad6be68b87e2.jpg,Right_Neutral
Raiz-Cctv_mp4-0084_jpg.rf.2eae4e40f4413c0bdae62f794b0c437e.jpg,Right_Neutral
Nurhatinah-Cctv_mp4-0070_jpg.rf.9a514e3fa8e7686857f171cc026426c1.jpg,Right_Neutral
Raiz-Cctv_mp4-0079_jpg.rf.73b1716d135ae115493b110fe300fd36.jpg,Right_Neutral
Syahid-Cctv_mp4-0046_jpg.rf.6267aadeed93728ef78585c374044c2f.jpg,Right_Neutral
Iska-Cctv_mp4-0094_jpg.rf.17f69dc82ef6280def7b47315a8bbdc8.jpg,Right_Neutral
Iska-Cctv_mp4-0099_jpg.rf.8dedf3b9a5a1ee4a3d1076542b9fe215.jpg,Right_Neutral
Iska-Cctv_mp4-0190_jpg.rf.d67ace9b3a5912b9baa28ba8a9fdbc6a.jpg,Front_Down
Bulan_1M_2_mp4-0047_jpg.rf.4a6d35ee75dc0f57729933b35e757559.jpg,Front_Down
Iska-Cctv_mp4-0188_jpg.rf.1fdaec573d8add64fe2ac03566fe06c8.jpg,Front_Down
Syahid-Cctv_mp4-0081_jpg.rf.59e7949346103f27a52b13e51e31eb01.jpg,Front_Down
Amri_CCTV_1M_2_mp4-0029_jpg.rf.5bb7de7da56ad5e784023c390a7b659c.jpg,Front_Down
Syahid-Cctv_mp4-0083_jpg.rf.aaf8728184ad50092d64d53c683474fc.jpg,Front_Down
Amri_CCTV_1M_2_mp4-0031_jpg.rf.ab990e096956a9ec0861619b9e298adf.jpg,Front_Down
Nurhatinah-Cctv_mp4-0130_jpg.rf.ad78028970a1fb1ad226a90fd9375375.jpg,Front_Down
Amri_CCTV_1M_2_mp4-0026_jpg.rf.73a6dd37bfb42360594fb71ec24ff938.jpg,Front_Down
Mahdaniar-1M_mp4-0029_jpg.rf.f8a1bc544a706babe2439fc9d1575bca.jpg,Front_Down
Bulan_1M_2_mp4-0012_jpg.rf.6c69b85229a65c03358621945d7cb572.jpg,Front_Down
Iska-Cctv_mp4-0141_jpg.rf.6637ab4619437d258134df24af7b9bd5.jpg,Front_Down
Nurhatinah-Cctv_mp4-0092_jpg.rf.9fcf32d8a6b5c07ae18d1b94682ae81e.jpg,Front_Down
Nurhatinah-Cctv_mp4-0131_jpg.rf.b472977d0f06a423ff56ea138199c5a0.jpg,Front_Down
Mahdaniar-1M_mp4-0030_jpg.rf.a346737ce2e52c2837f5e08ebeda7c87.jpg,Front_Down
Syahid-Cctv_mp4-0123_jpg.rf.26a2702667ce476bb914c91e5d697ecc.jpg,Front_Down
Raiz-Cctv_mp4-0124_jpg.rf.2d3564f6cac1dd85ee2d03678ce51f98.jpg,Front_Down
Raiz-Cctv_mp4-0130_jpg.rf.5383dee97b80af6846247d0e25dd75de.jpg,Front_Down
Iska-Cctv_mp4-0192_jpg.rf.9ab7fea14ae148698073cb4fdef8835b.jpg,Front_Down
Iska-Cctv_mp4-0124_jpg.rf.73b600ab1caf86bc6a9f7eb7192b9e0c.jpg,Front_Down
Erwin_1M_2_mp4-0047_jpg.rf.c9a6ce9e632cfe661522664b006de54b.jpg,Front_Down
Nurhatinah-Cctv_mp4-0094_jpg.rf.161281e6c609bb8232448e6eaa807289.jpg,Front_Down
Iska-Cctv_mp4-0189_jpg.rf.4b5d33d4c903e49c42e0ac95da756c7f.jpg,Front_Down
Raiz-Cctv_mp4-0134_jpg.rf.9bf320fefd213a46a29785eca09c83c9.jpg,Front_Down
Syahid-Cctv_mp4-0079_jpg.rf.bc5c269dae735181e0d5952dc82772c2.jpg,Front_Down
Raiz-Cctv_mp4-0132_jpg.rf.c3e4d5ee7de466a42fe73630492b2d05.jpg,Front_Down
Amri_CCTV_1M_2_mp4-0030_jpg.rf.3cdbd1333e3345ada0bbb76038b16124.jpg,Front_Down
Iska-Cctv_mp4-0121_jpg.rf.8558fb184cad87726e6aac77477282df.jpg,Front_Down
Syahid-Cctv_mp4-0078_jpg.rf.a80f37b0d1ee2656e0620fd7a1904842.jpg,Front_Down
Bulan_1M_2_mp4-0008_jpg.rf.ee43268bdcd754be67cde66c574f7a94.jpg,Front_Down
Iska-Cctv_mp4-0151_jpg.rf.bebfbdf76bd2f4da0c684aa9c1703d59.jpg,Front_Down
Syahid-Cctv_mp4-0085_jpg.rf.41187c3963b86ef5b13cfbe71e4e7b20.jpg,Front_Down
Raiz-Cctv_mp4-0125_jpg.rf.39b5f0c19fe7f3f1618e641215b13f8d.jpg,Front_Down
Erwin_1M_2_mp4-0044_jpg.rf.e0acc13444fc078a91c6f8c1e0d92d3a.jpg,Front_Down
Iska-Cctv_mp4-0149_jpg.rf.3e6a9265ca7dce5f1ae374593772a781.jpg,Front_Down
Bulan_1M_2_mp4-0046_jpg.rf.8bbea2c02683348d5bf08f9cdfac6c50.jpg,Front_Down
Erwin_1M_2_mp4-0045_jpg.rf.f4dc07602e439f38b5262a009fa5cb28.jpg,Front_Down
Bulan_1M_2_mp4-0048_jpg.rf.863349c361477121699143d5d16ac5f7.jpg,Front_Down
Syahid-Cctv_mp4-0082_jpg.rf.d253f92790c8acff6dd5e412383ebd55.jpg,Front_Down
Iska-Cctv_mp4-0122_jpg.rf.56aba7de1aafd77ca77dfee5383b0e86.jpg,Front_Down
Bulan_1M_2_mp4-0049_jpg.rf.5d717a63cdf0fbd5643b1d17b8b9f69f.jpg,Front_Down
Syahid-Cctv_mp4-0087_jpg.rf.f906c77cb3652d0e67a3c823d06fb722.jpg,Front_Down
Erwin_1M_2_mp4-0042_jpg.rf.40f19100fc9c62a7eeb40dcf086b950f.jpg,Front_Down
Syahid-Cctv_mp4-0126_jpg.rf.a770a5a219f353c04a5274b48beaaa04.jpg,Front_Down
Raiz-Cctv_mp4-0133_jpg.rf.55c9c273039c05a1fe039884f8ba1fbd.jpg,Front_Down
Iska-Cctv_mp4-0139_jpg.rf.52f9d121dd4e97a1089af613168b64c5.jpg,Front_Down
Syahid-Cctv_mp4-0089_jpg.rf.3b5d556808cc067e8d8d95cbbbff5f93.jpg,Front_Down
Bulan_1M_2_mp4-0009_jpg.rf.4d138c96f813bc298929f5d4d4b11ac9.jpg,Front_Down
Syahid-Cctv_mp4-0086_jpg.rf.0913eb4028a0a008c70e89e2c2a7ee31.jpg,Front_Down
Syahid-Cctv_mp4-0084_jpg.rf.ef6f47ccd18bce34adb99f783b8e80f0.jpg,Front_Down
Bulan_1M_2_mp4-0007_jpg.rf.e5268c21085df4d26248a42d35d55772.jpg,Front_Down
Amri_CCTV_1M_2_mp4-0028_jpg.rf.1a4fd6bb1c480d5b0c6f241a5ace8e1c.jpg,Front_Down
Iska-Cctv_mp4-0140_jpg.rf.ef37d6cb0ef77c2c729392857f26b4a5.jpg,Front_Down
Nurhatinah-Cctv_mp4-0129_jpg.rf.a0c12c01429e724e99f24c957730be33.jpg,Front_Down
Syahid-Cctv_mp4-0125_jpg.rf.9f4d88a876a4611873d2c2353d55c637.jpg,Front_Down
Iska-Cctv_mp4-0150_jpg.rf.4e68b85ef96ee7cd58dfd2aafa7c4939.jpg,Front_Down
Syahid-Cctv_mp4-0088_jpg.rf.b72f0686bdf7be24e2c3c805a650e9fe.jpg,Front_Down
Raiz-Cctv_mp4-0127_jpg.rf.958ecad410418077de79dc81199253e9.jpg,Front_Down
Erwin_1M_2_mp4-0043_jpg.rf.50455dfb5c2f521934963fcefc82b63b.jpg,Front_Down
Amri_CCTV_1M_2_mp4-0027_jpg.rf.c8063fb6b1fd4cae547a4772a74f116b.jpg,Front_Down
Erwin_1M_2_mp4-0040_jpg.rf.b6a79f5f59458131c34d547db2843599.jpg,Front_Down
Bulan_1M_2_mp4-0010_jpg.rf.d40d1b77c62b9fdb0f5830c8520dfd68.jpg,Front_Down
Erwin_1M_2_mp4-0041_jpg.rf.e05527ba7a0a0696ae5e42c5200f3baf.jpg,Front_Down
Syahid-Cctv_mp4-0122_jpg.rf.03a90c6c57430c9fbe003ef457f343e1.jpg,Front_Down
Raiz-Cctv_mp4-0131_jpg.rf.a47ad9bf07fe51db51466e308451e474.jpg,Front_Down
Bulan_1M_2_mp4-0011_jpg.rf.2daa13f7474019fce84ea3e63e713d74.jpg,Front_Down
Iska-Cctv_mp4-0123_jpg.rf.e8968f67db139884c86989afdcdd6bff.jpg,Front_Down
Syahid-Cctv_mp4-0121_jpg.rf.9c6e68da2b02f12ac0c8c285a6b82457.jpg,Front_Down
Bulan_1M_2_mp4-0045_jpg.rf.b10e4f541e3dc225177f816536cf5acf.jpg,Front_Down
Erwin_1M_2_mp4-0046_jpg.rf.3766a7fd429d51c87559cb54b4d656cd.jpg,Front_Down
Raiz-Cctv_mp4-0136_jpg.rf.9b9a6cd0e8c2e10fbec6b614b1f20535.jpg,Front_Down
Raiz-Cctv_mp4-0126_jpg.rf.c2049d4f5e474b93f7cedbd5fff37894.jpg,Front_Down
Raiz-Cctv_mp4-0135_jpg.rf.9df37512119fbc95797fed5b5d40ffb2.jpg,Front_Down
Nurhatinah-Cctv_mp4-0093_jpg.rf.4dc512b6629c48fb3b38dc294ab7ab79.jpg,Front_Down
Mahdaniar-1M_mp4-0028_jpg.rf.61f07076cb04d2d1ef93e319f6d8a74f.jpg,Front_Down
Raiz-Cctv_mp4-0129_jpg.rf.478fb6927e14a423b1a43ed0ff10886d.jpg,Front_Down
Iska-Cctv_mp4-0207_jpg.rf.9f08308b3e2e9a54b70615ffa4f85b7e.jpg,Front_Down
Syahid-Cctv_mp4-0080_jpg.rf.1058a962afb00666d87ec04fc1205ade.jpg,Front_Down
Erwin_1M_2_mp4-0039_jpg.rf.65447c060af0ee09071852203d13b6f0.jpg,Front_Down
Bulan_1M_2_mp4-0006_jpg.rf.759c275ba490484e9c306d083f9990c6.jpg,Front_Down
Syahid-Cctv_mp4-0090_jpg.rf.6cb62a554d07a3a3a85ce66b1a4716a0.jpg,Front_Down
Raiz-Cctv_mp4-0128_jpg.rf.20525fcbad66888f2273c751d3cf598a.jpg,Front_Down
Syahid-Cctv_mp4-0124_jpg.rf.69989d40fc3275cbe3bb420f83cd230d.jpg,Front_Down
Amri_CCTV_1M_2_mp4-0069_jpg.rf.79d2120c4378730dce3ad221c4c5abf1.jpg,Front_Neutral
Wahyu_CCTV_mp4-0117_jpg.rf.ad61fb2acd45dfad1c89195fc6f9f59b.jpg,Front_Neutral
Amri_CCTV_1M_1_mp4-0036_jpg.rf.1f816e636de57baf0760e5155591eeba.jpg,Front_Neutral
Erwin_1M_2_mp4-0078_jpg.rf.1e802fb1dabb4bd525a7e2a7cc6e2c47.jpg,Front_Neutral
Erwin_1M_2_mp4-0001_jpg.rf.96716c23f71a6694f0de45f8d05bb5d4.jpg,Front_Neutral
Syahid-Cctv_mp4-0006_jpg.rf.8ba9a05616e39717cbecee9e18d46ec5.jpg,Front_Neutral
Raiz-Cctv_mp4-0010_jpg.rf.d3e6a726e6361522d81ef0629fea8c87.jpg,Front_Neutral
Syahid-Cctv_mp4-0041_jpg.rf.c090ad2e822ed77bc56ca557d3476f06.jpg,Front_Neutral
Iska-Cctv_mp4-0106_jpg.rf.c1911eda25fc9a1d687aeb52746df50b.jpg,Front_Neutral
Wahyu_CCTV_mp4-0147_jpg.rf.624de9de6e952f9b636316057e81f3b9.jpg,Front_Neutral
Syahid-Cctv_mp4-0132_jpg.rf.516a0084fb6931f55053ee1e7b8fd9da.jpg,Front_Neutral
Iska-Cctv_mp4-0103_jpg.rf.aceded50a128482768f99d762c60a25d.jpg,Front_Neutral
Raiz-Cctv_mp4-0006_jpg.rf.8123aa4743b844d97ca51329a17cd421.jpg,Front_Neutral
Syahid-Cctv_mp4-0069_jpg.rf.46868128230d16c0d7f789b647238fc3.jpg,Front_Neutral
Amri_CCTV_1M_2_mp4-0047_jpg.rf.f0aa4f6a4faab822801f2c8768d78890.jpg,Front_Neutral
Iska-Cctv_mp4-0127_jpg.rf.84eb9d3eb7cd744fc8267f3c064b38a5.jpg,Front_Neutral
Syahid-Cctv_mp4-0007_jpg.rf.4428f6c9bb5e711ed51d309beafe584a.jpg,Front_Neutral
Amri_CCTV_1M_1_mp4-0005_jpg.rf.c0a86f33988552168b62f687e478c84b.jpg,Front_Neutral
09S2INA5.jpg,Front_Neutral
Amri_CCTV_1M_1_mp4-0014_jpg.rf.fcced76b94ebb4eb09c6cc131f51a048.jpg,Front_Neutral
Wahyu_CCTV_mp4-0123_jpg.rf.6ddf9d4c1ccb4107137a4facdabe3ec7.jpg,Front_Neutral
Amri_CCTV_1M_1_mp4-0006_jpg.rf.04295e19185d8091dc45941a89af0e0e.jpg,Front_Neutral
27S3IIR4.jpg,Front_Neutral
Raiz-Cctv_mp4-0100_jpg.rf.4c7183bbfbdf211bdeeb12f679daa1a9.jpg,Front_Neutral
Amri_CCTV_1M_1_mp4-0010_jpg.rf.7a13cb5cdacbd6c5398818ae2e7f1041.jpg,Front_Neutral
Raiz-Cctv_mp4-0097_jpg.rf.dede889691600c7faf91fbda7c8b9623.jpg,Front_Neutral
Mahdaniar-1M_mp4-0048_jpg.rf.3be39a7eda81c9de2b0c20607965d468.jpg,Front_Neutral
Iska-Cctv_mp4-0007_jpg.rf.e3535836da47ad7cf23b3fcd070be74b.jpg,Front_Neutral
Iska-Cctv_mp4-0194_jpg.rf.3d6a73ec8395e62a26b936a7ae1d9030.jpg,Front_Neutral
Raiz-Cctv_mp4-0008_jpg.rf.94717eec588bfd8d1b4597c66378df0e.jpg,Front_Neutral
Wahyu_CCTV_mp4-0033_jpg.rf.e22e84fd7bf89b0fea6afcf86f32ccf0.jpg,Front_Neutral
Syahid-Cctv_mp4-0077_jpg.rf.22d215f7f9fc2be50ee688ceeadd4bd7.jpg,Front_Neutral
16S1INA2.jpg,Front_Neutral
Iska-Cctv_mp4-0129_jpg.rf.74b37a5ae756b0acca2ce61897ce2ae1.jpg,Front_Neutral
Raiz-Cctv_mp4-0104_jpg.rf.fc410e7c0ff8b1b3931820eb2525620a.jpg,Front_Neutral
Raiz-Cctv_mp4-0048_jpg.rf.1ea1fe92d3f31021e4f9346d9e0778e8.jpg,Front_Neutral
36S4INA4.jpg,Front_Neutral
Iska-Cctv_mp4-0182_jpg.rf.7703559c8fc40db8dc283dd326761699.jpg,Front_Neutral
Raiz-Cctv_mp4-0003_jpg.rf.8528346ce7ed9bbf4ddda27c795f3b4a.jpg,Front_Neutral
Nurhatinah-Cctv_mp4-0144_jpg.rf.63502afcbe69450e121baf3e7c127f88.jpg,Front_Neutral
11S4IIR5.jpg,Front_Neutral
Raiz-Cctv_mp4-0053_jpg.rf.cd5bb576c81f0c162c2b39a614e98e7f.jpg,Front_Neutral
Iska-Cctv_mp4-0000_jpg.rf.ee3487579aa7fbb843714ce5cc0a644b.jpg,Front_Neutral
Syahid-Cctv_mp4-0129_jpg.rf.c228056214ea4fbb007ba4ec6309d40e.jpg,Front_Neutral
21S4IIR3.jpg,Front_Neutral
Mahdaniar-1M_mp4-0003_jpg.rf.ece87136108061b1629eebbe20a075d3.jpg,Front_Neutral
Nurhatinah-Cctv_mp4-0057_jpg.rf.a622be4feff2dd7d9a947cb2f86e9105.jpg,Front_Neutral
01S2INA2.jpg,Front_Neutral
Nurhatinah-Cctv_mp4-0082_jpg.rf.fb597ef83d57b8a72a3796d049a29530.jpg,Front_Neutral
Nurhatinah-Cctv_mp4-0055_jpg.rf.327f081a7fae809892106c0f1cecee0b.jpg,Front_Neutral
15S4INA5.jpg,Front_Neutral
Syahid-Cctv_mp4-0133_jpg.rf.8d7ce7f9550a5431694b035355e02a7b.jpg,Front_Neutral
Iska-Cctv_mp4-0187_jpg.rf.633c3dacfe0838bb80d01172e5599ac1.jpg,Front_Neutral
37S2IIR5.jpg,Front_Neutral
Wahyu_CCTV_mp4-0031_jpg.rf.8c314f0a459cac9e79c94a68bcca8fde.jpg,Front_Neutral
Syahid-Cctv_mp4-0044_jpg.rf.6c1fa714a4db5ff4c4b8ce7043568947.jpg,Front_Neutral
Mahdaniar-1M_mp4-0004_jpg.rf.64180e717417ba0af1418c4e694fffba.jpg,Front_Neutral
Raiz-Cctv_mp4-0051_jpg.rf.bf6054c05b2ba4e175841adcc7261956.jpg,Front_Neutral
Wahyu_CCTV_mp4-0118_jpg.rf.3ed10dda6710d8863872f6bb262fa78c.jpg,Front_Neutral
Amri_CCTV_1M_1_mp4-0015_jpg.rf.167b257cb179f3662198c352c33960ad.jpg,Front_Neutral
Amri_CCTV_1M_1_mp4-0013_jpg.rf.0493c7e8952958a909b90d1dc1bb6ccd.jpg,Front_Neutral
Amri_CCTV_1M_1_mp4-0004_jpg.rf.a78cb0ce63646a1dad230137ed3c7be4.jpg,Front_Neutral
Amri_CCTV_1M_1_mp4-0042_jpg.rf.714a9957ed53f75e5b470ff040920d3b.jpg,Front_Neutral
Amri_CCTV_1M_1_mp4-0009_jpg.rf.bbfadc7cb7fd514615b92a879cf3480f.jpg,Front_Neutral
Raiz-Cctv_mp4-0001_jpg.rf.64a9e8e0ef9a67ac4ae96d2b842aeb96.jpg,Front_Neutral
Iska-Cctv_mp4-0062_jpg.rf.bdea73d91720b0971aaf07b296cf1e53.jpg,Front_Neutral
Bulan_1M_2_mp4-0002_jpg.rf.2dc16901c91f31f0be13e569c03464d4.jpg,Front_Neutral
Bulan_1M_2_mp4-0054_jpg.rf.8fab288afabdbf8d79e0399e2d1e4ea3.jpg,Front_Neutral
Amri_CCTV_1M_1_mp4-0016_jpg.rf.fca5534ecc400f11102fb677585c12e5.jpg,Front_Neutral
Wahyu_CCTV_mp4-0115_jpg.rf.9d409e17e160255008d548240d0a191b.jpg,Front_Neutral
Iska-Cctv_mp4-0130_jpg.rf.db34f37ca131ca88347476240326714c.jpg,Front_Neutral
Iska-Cctv_mp4-0006_jpg.rf.0e3bf618f67e5846236cabd8526c9ef1.jpg,Front_Neutral
Iska-Cctv_mp4-0116_jpg.rf.b692e4837a0dc502329b16a813448fe4.jpg,Front_Neutral
Nurhatinah-Cctv_mp4-0005_jpg.rf.01671e82cbc515de175f012eaa1f0386.jpg,Front_Neutral
Syahid-Cctv_mp4-0035_jpg.rf.050b296b9ebfcdca52f0f65f69481fb0.jpg,Front_Neutral
Nurhatinah-Cctv_mp4-0085_jpg.rf.822cc28138b7af23fc5d03072207c857.jpg,Front_Neutral
Amri_CCTV_1M_2_mp4-0007_jpg.rf.2eebd09897f680b05f10ef3d6eecdd37.jpg,Front_Neutral
Amri_CCTV_1M_2_mp4-0051_jpg.rf.938b37b0cd5620f61e8914650826ac53.jpg,Front_Neutral
Raiz-Cctv_mp4-0091_jpg.rf.a3b8c5fd306fc7d350f854ff396e7af2.jpg,Front_Neutral
Erwin_1M_2_mp4-0010_jpg.rf.a6fc5c85e9027b1a74bf8cd3ee00cdb0.jpg,Front_Neutral
Iska-Cctv_mp4-0126_jpg.rf.97fcda6e88415559388961bba6dad9dc.jpg,Front_Neutral
Bulan_1M_2_mp4-0053_jpg.rf.f22898588af2e98254143554069d2ea6.jpg,Front_Neutral
Amri_CCTV_1M_1_mp4-0018_jpg.rf.da4fa1ec7d56e56372ea5744d4fb199c.jpg,Front_Neutral
Iska-Cctv_mp4-0156_jpg.rf.8d76e77a33ec338f66345cad764df33b.jpg,Front_Neutral
Wahyu_CCTV_mp4-0133_jpg.rf.b9f2f21d0195ee6a5069a3d960e8d0b8.jpg,Front_Neutral
Syahid-Cctv_mp4-0008_jpg.rf.9d85194b2fa18e67e46b939770662dc0.jpg,Front_Neutral
Wahyu_CCTV_mp4-0025_jpg.rf.77656b6f5bfabe3372df2f90fc740139.jpg,Front_Neutral
Raiz-Cctv_mp4-0049_jpg.rf.ac03c49a91eceeed1183127551d1f044.jpg,Front_Neutral
Wahyu_CCTV_mp4-0138_jpg.rf.48bafc338e75e236cf4fb628cae66203.jpg,Front_Neutral
Raiz-Cctv_mp4-0099_jpg.rf.87a35cdc59e1356aa5b10d7e4e306475.jpg,Front_Neutral
Syahid-Cctv_mp4-0072_jpg.rf.d6a64193ed0a92638e980563596a0d4e.jpg,Front_Neutral
Bulan_1M_2_mp4-0005_jpg.rf.402f6a897626f4e343c9c973417e03c8.jpg,Front_Neutral
Iska-Cctv_mp4-0057_jpg.rf.6f4d6cf36872f80410011fb2146c4752.jpg,Front_Neutral
Erwin_1M_2_mp4-0005_jpg.rf.cc8ca641d4bf8e77b70f28af687d2fa6.jpg,Front_Neutral
Amri_CCTV_1M_1_mp4-0000_jpg.rf.3fb9ffbd03af77a5e935843109f52e83.jpg,Front_Neutral
Syahid-Cctv_mp4-0070_jpg.rf.9e102ea392b544647eac6bc8434abadb.jpg,Front_Neutral
Amri_CCTV_1M_2_mp4-0058_jpg.rf.5fd6b1a202ac56b5d7cd324acf46912b.jpg,Front_Neutral
Wahyu_CCTV_mp4-0000_jpg.rf.418d1b48abffb5f9b9b8bcbf6f3ccbec.jpg,Front_Neutral
Amri_CCTV_1M_2_mp4-0050_jpg.rf.36c2d687e481585a2441a9037700fb1b.jpg,Front_Neutral
Erwin_1M_2_mp4-0002_jpg.rf.1179c92834b817dac579f5ac12f6f804.jpg,Front_Neutral
Raiz-Cctv_mp4-0086_jpg.rf.c0db49c6050a9d876e89ea8da9d91c7a.jpg,Front_Neutral
Wahyu_CCTV_mp4-0149_jpg.rf.de176d4e42a9807f71069dae6881290a.jpg,Front_Neutral
Iska-Cctv_mp4-0157_jpg.rf.e926458eba0e9041ce84889929484817.jpg,Front_Neutral
Amri_CCTV_1M_1_mp4-0037_jpg.rf.552e74aeaa9e1fbcc72bf7f5269dbdc9.jpg,Front_Neutral
Nurhatinah-Cctv_mp4-0003_jpg.rf.5fcb7d8a446facc56703001a169db66f.jpg,Front_Neutral
Iska-Cctv_mp4-0111_jpg.rf.43db1e97e5b10e314d7a2204ab18c4ca.jpg,Front_Neutral
Wahyu_CCTV_mp4-0141_jpg.rf.a549440cf58263b458955a00f384d670.jpg,Front_Neutral
Amri_CCTV_1M_1_mp4-0020_jpg.rf.41dd42da0ba31d24059290dc97d1265f.jpg,Front_Neutral
Iska-Cctv_mp4-0196_jpg.rf.d5d3e878b19bf3718f98f97289b70d11.jpg,Front_Neutral
Iska-Cctv_mp4-0199_jpg.rf.6ad00f4c599247be2b8b8d89ced5e537.jpg,Front_Neutral
Syahid-Cctv_mp4-0002_jpg.rf.42df0eec3dc75a44cac5be5fd3684452.jpg,Front_Neutral
Amri_CCTV_1M_2_mp4-0064_jpg.rf.c5be1e652f299bd30dd64464f901d635.jpg,Front_Neutral
Wahyu_CCTV_mp4-0002_jpg.rf.05fd45d167feed49c2642ef0502dcb68.jpg,Front_Neutral
Iska-Cctv_mp4-0155_jpg.rf.bbce12875984f90c1d9cca9a3a9f860a.jpg,Front_Neutral
Raiz-Cctv_mp4-0095_jpg.rf.625b7b33d4c9ec5cf60263818189c09e.jpg,Front_Neutral
Wahyu_CCTV_mp4-0146_jpg.rf.98d7211be1fc29be2fd5d004c8321696.jpg,Front_Neutral
Raiz-Cctv_mp4-0103_jpg.rf.23d487fad9e02492a1449acfc7607f5c.jpg,Front_Neutral
Raiz-Cctv_mp4-0043_jpg.rf.c9f7bbfdb10c5f7ee9344e8401514b19.jpg,Front_Neutral
Wahyu_CCTV_mp4-0122_jpg.rf.c23a8cf7a7d64a3ed3942b46da74a9da.jpg,Front_Neutral
Syahid-Cctv_mp4-0034_jpg.rf.24d7e60df000622c0418d9d589f169a7.jpg,Front_Neutral
Iska-Cctv_mp4-0167_jpg.rf.2f2f1e4218ccc3d105ebff45f5c87a20.jpg,Front_Neutral
Iska-Cctv_mp4-0009_jpg.rf.090a1370e9455c8e9db1496e9d55a27a.jpg,Front_Neutral
Wahyu_CCTV_mp4-0131_jpg.rf.fdfb810505d4dd7a03e5dcb6f7dfda3d.jpg,Front_Neutral
Syahid-Cctv_mp4-0074_jpg.rf.7fad9983391e039ed80cf678af09a734.jpg,Front_Neutral
Wahyu_CCTV_mp4-0022_jpg.rf.11d4e089ad1e44de7891d7f48592def2.jpg,Front_Neutral
Iska-Cctv_mp4-0203_jpg.rf.02e76d318eb48c82dff4d78ac64e810f.jpg,Front_Neutral
Amri_CCTV_1M_1_mp4-0058_jpg.rf.30e42c6f7e8de5abbdfaaa282079ed67.jpg,Front_Neutral
41S4IIR2.jpg,Front_Neutral
Wahyu_CCTV_mp4-0032_jpg.rf.b3c98516757f51791d9eee12a88d28c0.jpg,Front_Neutral
Mahdaniar-1M_mp4-0005_jpg.rf.0910b555f60ea34c78a312a56a5e8904.jpg,Front_Neutral
Wahyu_CCTV_mp4-0029_jpg.rf.40b17984c9669b9ba062bf244d2c9dc9.jpg,Front_Neutral
Bulan_1M_2_mp4-0051_jpg.rf.29b1e999a6c047c44cde7c8dd27877a7.jpg,Front_Neutral
Raiz-Cctv_mp4-0045_jpg.rf.67a79e42581fe0002fe394dd318adb2c.jpg,Front_Neutral
Syahid-Cctv_mp4-0037_jpg.rf.4b42e974a2437fecef43cd0854e0604d.jpg,Front_Neutral
Wahyu_CCTV_mp4-0140_jpg.rf.26d08106d7fe3db391e881cc4942ca21.jpg,Front_Neutral
Wahyu_CCTV_mp4-0023_jpg.rf.b81b219e6fb01716fb024bd2542e700f.jpg,Front_Neutral
Iska-Cctv_mp4-0205_jpg.rf.14a563fcfbe7804f493898febb3b55b8.jpg,Front_Neutral
Nurhatinah-Cctv_mp4-0052_jpg.rf.4737246843738dda6e926137575b2699.jpg,Front_Neutral
Wahyu_CCTV_mp4-0139_jpg.rf.345ad289703682515384d96d8910353a.jpg,Front_Neutral
Iska-Cctv_mp4-0165_jpg.rf.e042f37f0b0fb01a0346f05fa1ea4901.jpg,Front_Neutral
Raiz-Cctv_mp4-0000_jpg.rf.a121ef57fc83ed9eb611d51ad6d1eb4a.jpg,Front_Neutral
Wahyu_CCTV_mp4-0055_jpg.rf.b745b96d360ac83de514eb2e886a9225.jpg,Front_Neutral
Nurhatinah-Cctv_mp4-0142_jpg.rf.0fd3dce06d2dd17c69415ba8c1c68ab8.jpg,Front_Neutral
Raiz-Cctv_mp4-0041_jpg.rf.569b1a65d30a2ef8974948e3947fbcf3.jpg,Front_Neutral
28S3IAR3.jpg,Front_Neutral
Syahid-Cctv_mp4-0003_jpg.rf.58814d71fdc5ce2eea5f523bab4b4319.jpg,Front_Neutral
Wahyu_CCTV_mp4-0058_jpg.rf.7f7e12cec2d36628698547479c6b531e.jpg,Front_Neutral
Iska-Cctv_mp4-0056_jpg.rf.9c02e7719ce5636eb5cf7bb6ae3887a0.jpg,Front_Neutral
Amri_CCTV_1M_2_mp4-0011_jpg.rf.c8cefe4ab5ff832ab16a87028c2c222e.jpg,Front_Neutral
Erwin_1M_2_mp4-0004_jpg.rf.c15372686d08f21014ff3d0aaddf2bd4.jpg,Front_Neutral
Raiz-Cctv_mp4-0052_jpg.rf.df30f67ff5f8ca3f723fe02f02f3b086.jpg,Front_Neutral
Syahid-Cctv_mp4-0073_jpg.rf.343f7438ac649f62befb63fdf6a740ab.jpg,Front_Neutral
Wahyu_CCTV_mp4-0132_jpg.rf.df1b07ee3cc38e0e703278f1fbc01623.jpg,Front_Neutral
Wahyu_CCTV_mp4-0142_jpg.rf.e1541c64995ca045802cfa5ab3f8adab.jpg,Front_Neutral
Wahyu_CCTV_mp4-0114_jpg.rf.4b9333ec88d1dec681605283a23195b0.jpg,Front_Neutral
Nurhatinah-Cctv_mp4-0089_jpg.rf.c41ccd60167d7a534f9b86af695c825c.jpg,Front_Neutral
Nurhatinah-Cctv_mp4-0143_jpg.rf.5acfcbf719bb4846965dbec295d57278.jpg,Front_Neutral
Wahyu_CCTV_mp4-0056_jpg.rf.8f9d3590869cc2bfaf97e34c90f4e16d.jpg,Front_Neutral
Iska-Cctv_mp4-0004_jpg.rf.b99f3b7b8c0858882236520eff5e4a44.jpg,Front_Neutral
Amri_CCTV_1M_2_mp4-0052_jpg.rf.e4850ef6ad0834aee839e1a163a94d93.jpg,Front_Neutral
Amri_CCTV_1M_2_mp4-0002_jpg.rf.e1a31907296f8f47c8dde106796a4e62.jpg,Front_Neutral
39S3INA2.jpg,Front_Neutral
Erwin_1M_2_mp4-0000_jpg.rf.0a2c1540a9497e85d16bd0f5915275af.jpg,Front_Neutral
Syahid-Cctv_mp4-0040_jpg.rf.72616a65d1de751b3730f30516cb09da.jpg,Front_Neutral
34S1INA5.jpg,Front_Neutral
Iska-Cctv_mp4-0110_jpg.rf.8d1005c12d7ef3dd27320873bea96dfa.jpg,Front_Neutral
Raiz-Cctv_mp4-0062_jpg.rf.450063a0f0fd2fa7abcbfffbd81b9d79.jpg,Front_Neutral
Nurhatinah-Cctv_mp4-0086_jpg.rf.0f7c29660f275d272143b2b0b13b03c1.jpg,Front_Neutral
Raiz-Cctv_mp4-0058_jpg.rf.91b021316c8643e8c7e762b55ec47b11.jpg,Front_Neutral
Iska-Cctv_mp4-0002_jpg.rf.b26c48dfb1c66412b8323e6a9a0efca0.jpg,Front_Neutral
Bulan_1M_2_mp4-0050_jpg.rf.6d87789358f95bad846ba56830cbaec7.jpg,Front_Neutral
Syahid-Cctv_mp4-0036_jpg.rf.bc5144747a3199d1bc1dc8f1b1efeb0e.jpg,Front_Neutral
Erwin_1M_2_mp4-0003_jpg.rf.ba5b9b9900dd055e8b35c2cea904f090.jpg,Front_Neutral
Amri_CCTV_1M_1_mp4-0008_jpg.rf.59b953045d3d8e1127aaa86f55d6f2c2.jpg,Front_Neutral
Wahyu_CCTV_mp4-0121_jpg.rf.7e79052a90370bb910cfcaf06b3981c6.jpg,Front_Neutral
Wahyu_CCTV_mp4-0001_jpg.rf.feac5f9332e6b0744b94b6e0b955e823.jpg,Front_Neutral
35S4IIR3.jpg,Front_Neutral
Bulan_1M_2_mp4-0001_jpg.rf.7321a717bff31828765ae92e83d81f56.jpg,Front_Neutral
Iska-Cctv_mp4-0109_jpg.rf.59833cdd73dcc1a2078948105b5c83e5.jpg,Front_Neutral
Wahyu_CCTV_mp4-0126_jpg.rf.c71a7228421f35d50f86ae6b4d349a34.jpg,Front_Neutral
Iska-Cctv_mp4-0134_jpg.rf.0c34fa6a4be22e2d9a1c89e8f12c6efe.jpg,Front_Neutral
Syahid-Cctv_mp4-0043_jpg.rf.8219bb519540d5eb03afbd490b92f57e.jpg,Front_Neutral
Mahdaniar-1M_mp4-0009_jpg.rf.efd1ac1a1e7e45bf845b6a859e7382ca.jpg,Front_Neutral
Amri_CCTV_1M_1_mp4-0021_jpg.rf.aab63fb833bb95c8759ebcd466dcbdfb.jpg,Front_Neutral
Iska-Cctv_mp4-0210_jpg.rf.9bcf10175aab364f627059ca0304c23d.jpg,Front_Neutral
Syahid-Cctv_mp4-0038_jpg.rf.cf9788745fc37ccaeccf8a1643884a53.jpg,Front_Neutral
Amri_CCTV_1M_2_mp4-0066_jpg.rf.255cd66199c3ea00da91a795077e5468.jpg,Front_Neutral
Iska-Cctv_mp4-0166_jpg.rf.a8044aaaf9b4a2535bc7c8bf34246c38.jpg,Front_Neutral
Amri_CCTV_1M_1_mp4-0007_jpg.rf.2996f0f30b13a692e2d4e815c963f6c4.jpg,Front_Neutral
Nurhatinah-Cctv_mp4-0145_jpg.rf.9da02a4bc14276e461a3bfe43aac9368.jpg,Front_Neutral
Iska-Cctv_mp4-0128_jpg.rf.88c350eb87cd20358f05d84015e8bca8.jpg,Front_Neutral
Iska-Cctv_mp4-0108_jpg.rf.e676e44fbb8bed147c1a32723978a747.jpg,Front_Neutral
Iska-Cctv_mp4-0132_jpg.rf.05861a405e290eae61d8fe9d3fb8ba32.jpg,Front_Neutral
Syahid-Cctv_mp4-0005_jpg.rf.a8d61f44c0024ddfc064e110d2886dbe.jpg,Front_Neutral
Iska-Cctv_mp4-0200_jpg.rf.840976a385123de1b798dc851d78edd7.jpg,Front_Neutral
Raiz-Cctv_mp4-0098_jpg.rf.ce2cdc67bdfb8f265da39e8b8c31f6d4.jpg,Front_Neutral
Nurhatinah-Cctv_mp4-0000_jpg.rf.1bfae1530215412b089986c9c3471d87.jpg,Front_Neutral
Amri_CCTV_1M_1_mp4-0040_jpg.rf.adbef75aede2df2ad36de45b15538e91.jpg,Front_Neutral
Raiz-Cctv_mp4-0004_jpg.rf.7678e3475ca909c356ae0fa3116c0157.jpg,Front_Neutral
Mahdaniar-1M_mp4-0046_jpg.rf.8188b174f40e7445ab7f9e446c6e1be1.jpg,Front_Neutral
Iska-Cctv_mp4-0204_jpg.rf.15c024135522848b847bc1b639125c79.jpg,Front_Neutral
Amri_CCTV_1M_1_mp4-0012_jpg.rf.9f5852713dd66acd8ab1b9c94fecfe8d.jpg,Front_Neutral
Amri_CCTV_1M_2_mp4-0062_jpg.rf.eed9801a89ea9db64ee1cf4960efc29f.jpg,Front_Neutral
Raiz-Cctv_mp4-0101_jpg.rf.b0de2ee7c24068d23d7f63d513377569.jpg,Front_Neutral
Wahyu_CCTV_mp4-0054_jpg.rf.f44d89bea0d7dd546074723d8094b67f.jpg,Front_Neutral
Syahid-Cctv_mp4-0004_jpg.rf.9e802fd3ca682fc31e3b189830e53382.jpg,Front_Neutral
Erwin_1M_2_mp4-0072_jpg.rf.1e52ab1c2c23c88051867c70f15b1bf5.jpg,Front_Neutral
Amri_CCTV_1M_1_mp4-0038_jpg.rf.70e0d1e8d87a366dea38df68b9e0b414.jpg,Front_Neutral
Iska-Cctv_mp4-0186_jpg.rf.62c6f67e93e47d5992ae3de7e26bbf35.jpg,Front_Neutral
Mahdaniar-1M_mp4-0008_jpg.rf.3c51afd3982c47c90e339f7c261cbfa5.jpg,Front_Neutral
Wahyu_CCTV_mp4-0028_jpg.rf.25dbac49c314a96051ee324035f637f2.jpg,Front_Neutral
Amri_CCTV_1M_2_mp4-0001_jpg.rf.7a8e73e9572924165a321168647ba625.jpg,Front_Neutral
Wahyu_CCTV_mp4-0027_jpg.rf.8835e46405aa262334c45efd1fcb624c.jpg,Front_Neutral
Amri_CCTV_1M_2_mp4-0000_jpg.rf.9790680455d352f93763c20ed231fce6.jpg,Front_Neutral
19S2IIR4.jpg,Front_Neutral
Raiz-Cctv_mp4-0005_jpg.rf.63f1fdf5decb987e79859efbe4c67d18.jpg,Front_Neutral
Raiz-Cctv_mp4-0040_jpg.rf.2702a42b9f34397ab2c45368336cf64d.jpg,Front_Neutral
Mahdaniar-1M_mp4-0000_jpg.rf.db347f67fa9ecd0c553756fe7149b31a.jpg,Front_Neutral
Raiz-Cctv_mp4-0039_jpg.rf.6caae9af2ffa0c0309ed4df2a88fc5f8.jpg,Front_Neutral
Syahid-Cctv_mp4-0135_jpg.rf.ed8f3f2eaefcc99cebf1bce488dd0c4f.jpg,Front_Neutral
Erwin_1M_2_mp4-0007_jpg.rf.586138bad797e385780b062ea179760e.jpg,Front_Neutral
20S4IAR5.jpg,Front_Neutral
Raiz-Cctv_mp4-0060_jpg.rf.d7229689cbe9d14ac915202730905472.jpg,Front_Neutral
Wahyu_CCTV_mp4-0144_jpg.rf.612180cf589b0c1bfcd786e2ae826343.jpg,Front_Neutral
Raiz-Cctv_mp4-0009_jpg.rf.1abf5a58689c44c04a4e0103641b724b.jpg,Front_Neutral
Amri_CCTV_1M_2_mp4-0061_jpg.rf.3e71ef9f4a07679b9a481aae966ac268.jpg,Front_Neutral
Amri_CCTV_1M_2_mp4-0056_jpg.rf.2d1cae689ca883215cf33ee9d1a8d4dc.jpg,Front_Neutral
Iska-Cctv_mp4-0058_jpg.rf.eceec3735358e95741e7968d34b2ab30.jpg,Front_Neutral
Mahdaniar-1M_mp4-0010_jpg.rf.9770909d2215a7360c6c06f71b101a4d.jpg,Front_Neutral
Amri_CCTV_1M_1_mp4-0001_jpg.rf.4d9aa5810c00e65455016496ebff5713.jpg,Front_Neutral
Iska-Cctv_mp4-0107_jpg.rf.d4bc8672ca71d8dd02e98352293513c7.jpg,Front_Neutral
Amri_CCTV_1M_2_mp4-0003_jpg.rf.ee868fa5f44578484576d5bccf1f6e94.jpg,Front_Neutral
Raiz-Cctv_mp4-0002_jpg.rf.ba7166884a387a51c1d911f00fa4d876.jpg,Front_Neutral
Wahyu_CCTV_mp4-0125_jpg.rf.2fcc982b9f155631c5bf157ad650c978.jpg,Front_Neutral
Wahyu_CCTV_mp4-0127_jpg.rf.83830a52764a34efd98e5f8609741eeb.jpg,Front_Neutral
Syahid-Cctv_mp4-0131_jpg.rf.b9109c570c151c8378679c3546fe652e.jpg,Front_Neutral
Syahid-Cctv_mp4-0071_jpg.rf.5440f0ef5efefd7d2da80e8cf9497968.jpg,Front_Neutral
Iska-Cctv_mp4-0060_jpg.rf.b81a10fd11c1808faa9152d588752b1f.jpg,Front_Neutral
Nurhatinah-Cctv_mp4-0091_jpg.rf.cb6d6dcd5c2e9fd7cd131349a07eae0d.jpg,Front_Neutral
Raiz-Cctv_mp4-0050_jpg.rf.7854d2fb64d267f04a6ab8309b0baf68.jpg,Front_Neutral
Raiz-Cctv_mp4-0044_jpg.rf.b5f2f30b1193bca7ebb23691f3b71502.jpg,Front_Neutral
Raiz-Cctv_mp4-0061_jpg.rf.4cfd54ea2499847468aee9b65d7a2b6b.jpg,Front_Neutral
Amri_CCTV_1M_2_mp4-0055_jpg.rf.6a4e6205726ccbce1faea051174da690.jpg,Front_Neutral
Syahid-Cctv_mp4-0128_jpg.rf.c474b35e88a8d654ca4728024769af5f.jpg,Front_Neutral
Amri_CCTV_1M_2_mp4-0063_jpg.rf.2521c6792bd86eb3cb3f6c7c29e26952.jpg,Front_Neutral
Amri_CCTV_1M_2_mp4-0067_jpg.rf.9eac023fef0bd71353dbe77082d1fcd1.jpg,Front_Neutral
Raiz-Cctv_mp4-0087_jpg.rf.a331f9bcb9ff6290f20e39171952a84f.jpg,Front_Neutral
Iska-Cctv_mp4-0185_jpg.rf.835610abe028b6257202650a01419866.jpg,Front_Neutral
Wahyu_CCTV_mp4-0129_jpg.rf.ad7aaed5232b0c1a7e8362173827a79f.jpg,Front_Neutral
Bulan_1M_2_mp4-0000_jpg.rf.cd89cef1db5d009419a4cb8413736871.jpg,Front_Neutral
Iska-Cctv_mp4-0105_jpg.rf.e0bbd94d9d826c7f688a8a9b72aca4bd.jpg,Front_Neutral
Iska-Cctv_mp4-0131_jpg.rf.be7ba6fe7ddad9d5df696154f0f5fa77.jpg,Front_Neutral
Amri_CCTV_1M_2_mp4-0054_jpg.rf.212f42551e2c18e2c9af1f51d6482b35.jpg,Front_Neutral
Iska-Cctv_mp4-0113_jpg.rf.16bee60dfc9d88d094fdf16e097ae6db.jpg,Front_Neutral
14S2IAR4.jpg,Front_Neutral
Raiz-Cctv_mp4-0059_jpg.rf.8428b816dc61a55a7053ab6eaaaf7874.jpg,Front_Neutral
Syahid-Cctv_mp4-0033_jpg.rf.b9bbe2d5a47e1989e6e8a0c9bb9e6ac4.jpg,Front_Neutral
Iska-Cctv_mp4-0160_jpg.rf.87e89ee53c52f4c16ef7cdc5307b0fa0.jpg,Front_Neutral
Mahdaniar-1M_mp4-0049_jpg.rf.ea01dd781e3c550c3aa69066f210a1c4.jpg,Front_Neutral
Raiz-Cctv_mp4-0090_jpg.rf.b8db1dff421ce50a6911c71cc03a2443.jpg,Front_Neutral
03S1INA3.jpg,Front_Neutral
Bulan_1M_2_mp4-0052_jpg.rf.607213a7f21925a38d4fd285b39b46e8.jpg,Front_Neutral
Syahid-Cctv_mp4-0000_jpg.rf.0280f0c38ef753ed5dd335f329811f5b.jpg,Front_Neutral
Amri_CCTV_1M_2_mp4-0006_jpg.rf.04818424ebc44c78d699e4b4f1b65b61.jpg,Front_Neutral
Amri_CCTV_1M_1_mp4-0055_jpg.rf.dfbbc6a8c6f2071d2174ada39227cbd1.jpg,Front_Neutral
22S1IIR4.jpg,Front_Neutral
Wahyu_CCTV_mp4-0030_jpg.rf.7f1c51a6c90b2c601261fcd997242752.jpg,Front_Neutral
Amri_CCTV_1M_2_mp4-0060_jpg.rf.29cbfc76b92132656f9653fd2db342be.jpg,Front_Neutral
Iska-Cctv_mp4-0133_jpg.rf.f60af7b761fd660848626d6503f342f2.jpg,Front_Neutral
Iska-Cctv_mp4-0135_jpg.rf.155b29f7a8e7575a2f0dc15f0b70c61a.jpg,Front_Neutral
Amri_CCTV_1M_2_mp4-0065_jpg.rf.01d5acbac6d8ffebfc9572673ab63b1e.jpg,Front_Neutral
Amri_CCTV_1M_1_mp4-0011_jpg.rf.c051011c59400a8cd02734667b1cf736.jpg,Front_Neutral
Iska-Cctv_mp4-0061_jpg.rf.fbf87899fb818e2ff83561e2185252b7.jpg,Front_Neutral
Iska-Cctv_mp4-0193_jpg.rf.ef494ed432d9c96b3656eb5cfdc78658.jpg,Front_Neutral
Raiz-Cctv_mp4-0055_jpg.rf.497a8bc5192fa9c1cb6a3a95f1cb9a68.jpg,Front_Neutral
Iska-Cctv_mp4-0118_jpg.rf.2613a371c5ee50578802c48979734066.jpg,Front_Neutral
Amri_CCTV_1M_1_mp4-0056_jpg.rf.e7d4a976edfa1fd54bcd02b8c0836d88.jpg,Front_Neutral
Wahyu_CCTV_mp4-0053_jpg.rf.2775d4a5eaccaace2a70876767daf6d5.jpg,Front_Neutral
Iska-Cctv_mp4-0059_jpg.rf.4a74420de4e9b62613c33d6c13e89c4c.jpg,Front_Neutral
Erwin_1M_2_mp4-0079_jpg.rf.abf5e68beb603c66d741b5d18fb2602c.jpg,Front_Neutral
Mahdaniar-1M_mp4-0006_jpg.rf.a042d332d45791fca68b8d3019c155c2.jpg,Front_Neutral
Raiz-Cctv_mp4-0094_jpg.rf.7a6269bf799c2a1556eebd56d1965a00.jpg,Front_Neutral
Syahid-Cctv_mp4-0001_jpg.rf.2e4bbe248aad285fba82722df782db52.jpg,Front_Neutral
Amri_CCTV_1M_2_mp4-0004_jpg.rf.b3ccad4790609f7e07370e176e606e9b.jpg,Front_Neutral
Nurhatinah-Cctv_mp4-0083_jpg.rf.5c78a9c8bca97e0d116ed3aaa5bbfb55.jpg,Front_Neutral
Nurhatinah-Cctv_mp4-0054_jpg.rf.3717162a89e935e40199c7628528bb99.jpg,Front_Neutral
Nurhatinah-Cctv_mp4-0084_jpg.rf.7003d47891f7dadd9df3bf022c109316.jpg,Front_Neutral
Wahyu_CCTV_mp4-0137_jpg.rf.7fd862a4b30bb83fafc8044d25c28a4d.jpg,Front_Neutral
02S1INA3.jpg,Front_Neutral
Syahid-Cctv_mp4-0039_jpg.rf.81c2b09ca7b71e14581a0cf6099be2bd.jpg,Front_Neutral
Syahid-Cctv_mp4-0134_jpg.rf.d9c49c68feee4679de67b741c4d20dff.jpg,Front_Neutral
Mahdaniar-1M_mp4-0045_jpg.rf.f78854e94a3993382923ab64b47b739e.jpg,Front_Neutral
Syahid-Cctv_mp4-0042_jpg.rf.a5449eb9bd572f282f987f409a47f2fa.jpg,Front_Neutral
Mahdaniar-1M_mp4-0002_jpg.rf.327ef77a188b7bcf635fbb0e72b5a452.jpg,Front_Neutral
04S3INA2.jpg,Front_Neutral
Syahid-Cctv_mp4-0045_jpg.rf.08cbdf87c89c541ad6559a3182b4e8c4.jpg,Front_Neutral
Wahyu_CCTV_mp4-0145_jpg.rf.4b6f7a338ac5bb7cbcead804bc676440.jpg,Front_Neutral
Syahid-Cctv_mp4-0130_jpg.rf.f85bfcccabff5e0c13f4a325451f3bc0.jpg,Front_Neutral
Raiz-Cctv_mp4-0092_jpg.rf.0e17e3880868f20f172717f0d7ad2582.jpg,Front_Neutral
Iska-Cctv_mp4-0125_jpg.rf.773bd01c820100a02d97a2ea08179b6e.jpg,Front_Neutral
Nurhatinah-Cctv_mp4-0051_jpg.rf.7ec64c5d38ae890e03d57cab40ccb36f.jpg,Front_Neutral
Nurhatinah-Cctv_mp4-0053_jpg.rf.705ca4c5921bb259666f9d25b4c90f74.jpg,Front_Neutral
Iska-Cctv_mp4-0117_jpg.rf.165f354f87af4447382634937b501f97.jpg,Front_Neutral
Iska-Cctv_mp4-0195_jpg.rf.442328d6ed979d1844071848534a29eb.jpg,Front_Neutral
Iska-Cctv_mp4-0115_jpg.rf.cae2661338f6c69c2da41012fac638d3.jpg,Front_Neutral
Amri_CCTV_1M_2_mp4-0048_jpg.rf.fcceabede44b40aafb78ffa02679c813.jpg,Front_Neutral
29S2INA5.jpg,Front_Neutral
Amri_CCTV_1M_2_mp4-0068_jpg.rf.c778e2a49e6c4624d19bd2f164649a4a.jpg,Front_Neutral
Iska-Cctv_mp4-0112_jpg.rf.5b2306ea55253bed1a180761cd8cdb69.jpg,Front_Neutral
Mahdaniar-1M_mp4-0007_jpg.rf.ff7aa97d083b5447c18494e7d456a5ef.jpg,Front_Neutral
Nurhatinah-Cctv_mp4-0050_jpg.rf.9e4137209a7a49c47c2b709845d6e428.jpg,Front_Neutral
Amri_CCTV_1M_2_mp4-0053_jpg.rf.47ce85bab36dd92184fc9574c50b7923.jpg,Front_Neutral
Bulan_1M_2_mp4-0003_jpg.rf.0fea2648b5f00c27f64674b9861d74aa.jpg,Front_Neutral
Wahyu_CCTV_mp4-0143_jpg.rf.5fd4b214bbb1e0ec481a0f1415160308.jpg,Front_Neutral
Raiz-Cctv_mp4-0057_jpg.rf.1ee6a7bf610ef9251e5b0248c0c88fc2.jpg,Front_Neutral
Wahyu_CCTV_mp4-0124_jpg.rf.86a0dc7b9ae9175bfb26dbb14677066d.jpg,Front_Neutral
Raiz-Cctv_mp4-0056_jpg.rf.6ba83f2333d14dbbdfc84d1f3c38c5b0.jpg,Front_Neutral
Syahid-Cctv_mp4-0009_jpg.rf.f2bdf9c3f7ac3f45237bc189d0c6589b.jpg,Front_Neutral
Mahdaniar-1M_mp4-0047_jpg.rf.86da4b04d4b4851bb7b9874c14951956.jpg,Front_Neutral
Amri_CCTV_1M_2_mp4-0057_jpg.rf.fdb7cac026d7f27826151b216cc03729.jpg,Front_Neutral
Raiz-Cctv_mp4-0063_jpg.rf.96099ce3081125fbaa655d83cb92f39f.jpg,Front_Neutral
Amri_CCTV_1M_1_mp4-0057_jpg.rf.e046e811fab30471288161232369af97.jpg,Front_Neutral
Amri_CCTV_1M_2_mp4-0059_jpg.rf.66b82ee2c61ef97dfc747359f2d0625a.jpg,Front_Neutral
Erwin_1M_2_mp4-0076_jpg.rf.bf85fd702808df876a8a298b57b22913.jpg,Front_Neutral
Raiz-Cctv_mp4-0089_jpg.rf.ccc1150dc25231ab74237e62b326e320.jpg,Front_Neutral
Erwin_1M_2_mp4-0073_jpg.rf.f4e633572e9b218378a7dbe4576390ba.jpg,Front_Neutral
Nurhatinah-Cctv_mp4-0007_jpg.rf.7be7a2c5f80b2f314fdefe96d423314d.jpg,Front_Neutral
Wahyu_CCTV_mp4-0148_jpg.rf.360e2f24978d9183cc011d192c88217c.jpg,Front_Neutral
Erwin_1M_2_mp4-0009_jpg.rf.249bda3454f9fad240efd2d78dfc0fae.jpg,Front_Neutral
Nurhatinah-Cctv_mp4-0056_jpg.rf.7e5e7573c37c39a3c356ec8654045e0b.jpg,Front_Neutral
Iska-Cctv_mp4-0104_jpg.rf.862440f0ad878757094d3de9a2ee58ac.jpg,Front_Neutral
Amri_CCTV_1M_1_mp4-0017_jpg.rf.06981f442915888ccac07dd7bfff775c.jpg,Front_Neutral
31S1IIR3.jpg,Front_Neutral
Amri_CCTV_1M_1_mp4-0039_jpg.rf.fbab6a2ec78f5cee87e4962d60257508.jpg,Front_Neutral
Wahyu_CCTV_mp4-0136_jpg.rf.df1a24f2647259debe078219d9916b87.jpg,Front_Neutral
Syahid-Cctv_mp4-0127_jpg.rf.cc6fbdb69617a81260e56a17843552da.jpg,Front_Neutral
Raiz-Cctv_mp4-0088_jpg.rf.47ec6efbc4064b342785d4c222fba995.jpg,Front_Neutral
Raiz-Cctv_mp4-0093_jpg.rf.b3516192cf0a6a0f9fbb11c1df7e5b00.jpg,Front_Neutral
Iska-Cctv_mp4-0202_jpg.rf.bf33562026f8e35641e3bd7fdef29d7e.jpg,Front_Neutral
Iska-Cctv_mp4-0114_jpg.rf.69d4021a1214baae79f22efa46cb2aa7.jpg,Front_Neutral
30S1IAR5.jpg,Front_Neutral
Nurhatinah-Cctv_mp4-0087_jpg.rf.0706b1aebdaf6879795807c7f624b981.jpg,Front_Neutral
Nurhatinah-Cctv_mp4-0002_jpg.rf.d28b1a355e73b9bfa7a68a9f16af1f29.jpg,Front_Neutral
Erwin_1M_2_mp4-0006_jpg.rf.f081f6b73b3887c692d27fa941b0374b.jpg,Front_Neutral
07S1IIR2.jpg,Front_Neutral
Nurhatinah-Cctv_mp4-0004_jpg.rf.bba02cad93eaf47a8672da60ae26c2f1.jpg,Front_Neutral
Erwin_1M_2_mp4-0008_jpg.rf.e4eacb1eaaf38225d742fdeb1e6c6542.jpg,Front_Neutral
24S3IIR2.jpg,Front_Neutral
Mahdaniar-1M_mp4-0001_jpg.rf.f178e4cb96790e66de6fbdb1a0d7e8d0.jpg,Front_Neutral
Iska-Cctv_mp4-0181_jpg.rf.73c18271bfa7d99116fc56724110949d.jpg,Front_Neutral
Wahyu_CCTV_mp4-0134_jpg.rf.4b5dc7ae2905209e6a681d3f892b2855.jpg,Front_Neutral
Amri_CCTV_1M_2_mp4-0049_jpg.rf.e8e27961d86a18c9174e062e01c9f120.jpg,Front_Neutral
Raiz-Cctv_mp4-0042_jpg.rf.096806b7db2aa9a6458ad252a655ea49.jpg,Front_Neutral
Wahyu_CCTV_mp4-0119_jpg.rf.cd0a77daf23cbe9dfaef41621a53dd23.jpg,Front_Neutral
Nurhatinah-Cctv_mp4-0001_jpg.rf.16fb5c4ffda4d37b974f03085e575c59.jpg,Front_Neutral
Iska-Cctv_mp4-0198_jpg.rf.e69fc11844b96bc22c966ec69e70cc57.jpg,Front_Neutral
Iska-Cctv_mp4-0148_jpg.rf.29e4fda8120c4850b96f17ae44ba7cda.jpg,Front_Neutral
Raiz-Cctv_mp4-0007_jpg.rf.cd20f5b8f7b9196908371e6716ff2c2c.jpg,Front_Neutral
10S1INA5.jpg,Front_Neutral
Amri_CCTV_1M_1_mp4-0003_jpg.rf.d42f652d0fcc48e3c58b7fd083c467ba.jpg,Front_Neutral
Amri_CCTV_1M_2_mp4-0005_jpg.rf.454e7110825333a9619c3c1939c6543d.jpg,Front_Neutral
Wahyu_CCTV_mp4-0026_jpg.rf.ef7a6c1867bc238d835d4b15b5459188.jpg,Front_Neutral
Bulan_1M_2_mp4-0056_jpg.rf.1376c75a2aaf4b7d069f7efe7a30221b.jpg,Front_Neutral
Bulan_1M_2_mp4-0057_jpg.rf.41268893eb838e153df43102dad2772a.jpg,Front_Neutral
Erwin_1M_2_mp4-0075_jpg.rf.c59c62b41bfd60fff2b7d328866ab3e7.jpg,Front_Neutral
Bulan_1M_2_mp4-0004_jpg.rf.9be93864328b8fa7361eabce781a445c.jpg,Front_Neutral
Amri_CCTV_1M_1_mp4-0019_jpg.rf.bccbc9830bc4a4600c712823dce9efa1.jpg,Front_Neutral
Nurhatinah-Cctv_mp4-0006_jpg.rf.a2fefabbe5a198b9f6cae8c150db3b7f.jpg,Front_Neutral
Iska-Cctv_mp4-0136_jpg.rf.66a8dd4b174ed881446955c8dad3401c.jpg,Front_Neutral
18S3IIR2.jpg,Front_Neutral
Raiz-Cctv_mp4-0096_jpg.rf.527c500494e55c022c1d8a4835271873.jpg,Front_Neutral
Iska-Cctv_mp4-0119_jpg.rf.afeb10a6bc0819478ad84c58a5bb6d55.jpg,Front_Neutral
Nurhatinah-Cctv_mp4-0090_jpg.rf.4c0540484a52f1ee7a8bacf46ad27d20.jpg,Front_Neutral
Syahid-Cctv_mp4-0075_jpg.rf.6472d005aca7895b7d3cc69b2385e566.jpg,Front_Neutral
Bulan_1M_2_mp4-0055_jpg.rf.c446e388e21ebc9c1e3a97752bf52f42.jpg,Front_Neutral
40S3IIR2.jpg,Front_Neutral
Wahyu_CCTV_mp4-0024_jpg.rf.612ee1828b0aed6c4b65919b5dc9fc10.jpg,Front_Neutral
Raiz-Cctv_mp4-0102_jpg.rf.b51f34ba9328c9d3005f4b82cda3bf1e.jpg,Front_Neutral
Raiz-Cctv_mp4-0011_jpg.rf.906e64480feb8502df85461c78d1f20e.jpg,Front_Neutral
Wahyu_CCTV_mp4-0128_jpg.rf.771ec5e4b40ad7aafa133c1f1b0c56e2.jpg,Front_Neutral
Iska-Cctv_mp4-0201_jpg.rf.3952c98bfa91d2410bd907e0b79e5ba3.jpg,Front_Neutral
Nurhatinah-Cctv_mp4-0088_jpg.rf.f71dea6283a41c033c8ded25faa5517f.jpg,Front_Neutral
Iska-Cctv_mp4-0008_jpg.rf.a37c75752a6803920e5f42fc74fed137.jpg,Front_Neutral
Erwin_1M_2_mp4-0077_jpg.rf.714296aa4917beb161d697e56cf03833.jpg,Front_Neutral
Iska-Cctv_mp4-0184_jpg.rf.e602ad6ab283a2ee7116f5693f7a830d.jpg,Front_Neutral
Amri_CCTV_1M_1_mp4-0041_jpg.rf.d2d06cd399ed181f10a0362d955d0cc6.jpg,Front_Neutral
Syahid-Cctv_mp4-0076_jpg.rf.d7d4f9ac9c959509a7a28b908169fac9.jpg,Front_Neutral
Raiz-Cctv_mp4-0047_jpg.rf.4dfbaaf203bf20fb74f8aef88b4d49f8.jpg,Front_Neutral
Iska-Cctv_mp4-0003_jpg.rf.c06a4b5c84418bcaac497bd87957f9ae.jpg,Front_Neutral
Wahyu_CCTV_mp4-0057_jpg.rf.88b6e5b75956d8dd482c4ffa1d475fff.jpg,Front_Neutral
23S1IAR4.jpg,Front_Neutral
32S2INA2.jpg,Front_Neutral
Wahyu_CCTV_mp4-0135_jpg.rf.2be71cd4361fd2b9757582be8e58b0cf.jpg,Front_Neutral
Iska-Cctv_mp4-0063_jpg.rf.f1577ab9c744f4c392ab3849f3f1fd3c.jpg,Front_Neutral
Raiz-Cctv_mp4-0054_jpg.rf.9758740c8fcbf40fdcc2e4d37e1cf3f3.jpg,Front_Neutral
Raiz-Cctv_mp4-0046_jpg.rf.c28a4850a463abb8c8774f256d2717c6.jpg,Front_Neutral
Iska-Cctv_mp4-0001_jpg.rf.798eb7f4057f1b4f5ab1e474e35c87c8.jpg,Front_Neutral
17S1IIR5.jpg,Front_Neutral
Wahyu_CCTV_mp4-0120_jpg.rf.f277dbb981dfa3aa32b343f147684442.jpg,Front_Neutral
Mahdaniar-1M_mp4-0044_jpg.rf.f4b30e0dd8dae352dc4831f0148b536f.jpg,Front_Neutral
Iska-Cctv_mp4-0159_jpg.rf.7eff7b2c704a5d8ccdb93d4f45235a9b.jpg,Front_Neutral
26S1INA2.jpg,Front_Neutral
Amri_CCTV_1M_1_mp4-0054_jpg.rf.e1f1c967dad954a394dce73ccc3d1ad9.jpg,Front_Neutral
Erwin_1M_2_mp4-0074_jpg.rf.64ce87ef08e0703d3b1e61729283995f.jpg,Front_Neutral
Iska-Cctv_mp4-0005_jpg.rf.848c0a3296bbe5ba86ba9cf5d6508e35.jpg,Front_Neutral
